imageIndex,typ,errText,errorClassCombined,errorClassText,is_good,is_PseudoFehler
0,RECT,Lotperle,THT Loetst.Form mangelhaft,THT Loetst.Form mangelhaft,0,0
6,RECT,Lotperle,THT Loetst.Form mangelhaft,THT Loetst.Form mangelhaft,0,0
7,RECT,Lotperle,THT Loetbruecke,THT Loetbruecke,0,0
8,RECT,Lotperle,THT Loetbruecke,THT Loetbruecke,0,0
9,RECT,Lotperle,THT Loetbruecke,THT Loetbruecke,0,0
10,RECT,Lotperle,THT Loetbruecke,THT Loetbruecke,0,0
11,RECT,Lotperle,THT Loetbruecke,THT Loetbruecke,0,0
12,RECT,Lotperle,THT Loetbruecke,THT Loetbruecke,0,0
13,RECT,Lotperle,THT Loetbruecke,THT Loetbruecke,0,0
14,RECT,Lotperle,THT Loetbruecke,THT Loetbruecke,0,0
15,RECT,Lotperle,THT Loetbruecke,THT Loetbruecke,0,0
16,RECT,Lotperle,THT Loetbruecke,THT Loetbruecke,0,0
17,RECT,Lotperle,THT Loetbruecke,THT Loetbruecke,0,0
18,RECT,Lotperle,THT Loetbruecke,THT Loetbruecke,0,0
24,RECT,Lotperle,THT Loetbruecke,THT Loetbruecke,0,0
25,RECT,Lotperle,THT Loetbruecke,THT Loetbruecke,0,0
26,RECT,Lotperle,THT Loetbruecke,THT Loetbruecke,0,0
27,RECT,Lotperle,THT Loetbruecke,THT Loetbruecke,0,0
31,RECT,Lotperle,THT Loetbruecke,THT Loetbruecke,0,0
32,RECT,Lotperle,THT Loetbruecke,THT Loetbruecke,0,0
33,RECT,Lotperle,THT Loetbruecke,THT Loetbruecke,0,0
34,RECT,Lotperle,THT Loetbruecke,THT Loetbruecke,0,0
35,RECT,Lotperle,THT Loetbruecke,THT Loetbruecke,0,0
36,RECT,Lotperle,THT Loetbruecke,THT Loetbruecke,0,0
37,RECT,Lotperle,THT Loetbruecke,THT Loetbruecke,0,0
38,RECT,Lotperle,THT Loetbruecke,THT Loetbruecke,0,0
39,RECT,Lotperle,THT Loetbruecke,THT Loetbruecke,0,0
40,RECT,Lotperle,THT Loetbruecke,THT Loetbruecke,0,0
41,RECT,Lotperle,THT Loetbruecke,THT Loetbruecke,0,0
43,RECT,Lotperle,THT Loetbruecke,THT Loetbruecke,0,0
45,RECT,Lotperle,THT Loetbruecke,THT Loetbruecke,0,0
46,RECT,Lotperle,THT Loetbruecke,THT Loetbruecke,0,0
47,RECT,Lotperle,THT Loetbruecke,THT Loetbruecke,0,0
48,RECT,Lotperle,THT Loetbruecke,THT Loetbruecke,0,0
49,RECT,Lotperle,THT Loetbruecke,THT Loetbruecke,0,0
51,RECT,Lotperle,THT Loetbruecke,THT Loetbruecke,0,0
52,RECT,Lotperle,THT Loetbruecke,THT Loetbruecke,0,0
53,RECT,Lotperle,THT Loetbruecke,THT Loetbruecke,0,0
54,RECT,Lotperle,THT Loetbruecke,THT Loetbruecke,0,0
55,RECT,Lotperle,THT Loetbruecke,THT Loetbruecke,0,0
56,RECT,Lotperle,THT Loetbruecke,THT Loetbruecke,0,0
57,RECT,Lotperle,THT Loetbruecke,THT Loetbruecke,0,0
62,RECT,Lotperle,THT Loetbruecke,THT Loetbruecke,0,0
63,RECT,Lotperle,THT Loetbruecke,THT Loetbruecke,0,0
64,RECT,Lotperle,THT Loetbruecke,THT Loetbruecke,0,0
65,RECT,Lotperle,THT Loetbruecke,THT Loetbruecke,0,0
66,RECT,Lotperle,THT Loetbruecke,THT Loetbruecke,0,0
68,RECT,Lotperle,THT Loetbruecke,THT Loetbruecke,0,0
78,RECT,Lotperle,THT Loetbruecke,THT Loetbruecke,0,0
82,RECT,Lotperle,THT Loetbruecke,THT Loetbruecke,0,0
83,RECT,Lotperle,THT Loetbruecke,THT Loetbruecke,0,0
84,RECT,Lotperle,THT Loetbruecke,THT Loetbruecke,0,0
85,RECT,Lotperle,THT Loetbruecke,THT Loetbruecke,0,0
86,RECT,Lotperle,THT Loetbruecke,THT Loetbruecke,0,0
87,RECT,Lotperle,THT Loetbruecke,THT Loetbruecke,0,0
88,RECT,Lotperle,THT Loetbruecke,THT Loetbruecke,0,0
89,RECT,Lotperle,THT Loetbruecke,THT Loetbruecke,0,0
90,RECT,Lotperle,THT Loetbruecke,THT Loetbruecke,0,0
91,RECT,Lotperle,THT Loetbruecke,THT Loetbruecke,0,0
92,RECT,Lotperle,THT Loetbruecke,THT Loetbruecke,0,0
93,RECT,Lotperle,THT Loetbruecke,THT Loetbruecke,0,0
94,RECT,Lotperle,THT Loetbruecke,THT Loetbruecke,0,0
95,RECT,Lotperle,THT Loetbruecke,THT Loetbruecke,0,0
96,RECT,Lotperle,THT Loetbruecke,THT Loetbruecke,0,0
97,RECT,Lotperle,THT Loetbruecke,THT Loetbruecke,0,0
98,RECT,Lotperle,THT Loetbruecke,THT Loetbruecke,0,0
100,RECT,Lotperle,THT Loetbruecke,THT Loetbruecke,0,0
103,RECT,Meniskus,THT Loetstelle offen,THT Loetstelle offen,0,0
108,RECT,Lotperle,good,PseudoFehler,1,1
109,RECT,Lotperle,good,PseudoFehler,1,1
110,RECT,Lotperle,good,PseudoFehler,1,1
111,RECT,Lotperle,good,PseudoFehler,1,1
112,RECT,Lotperle,good,PseudoFehler,1,1
113,RECT,Lotperle,good,PseudoFehler,1,1
114,RECT,Lotperle,good,PseudoFehler,1,1
115,RECT,Lotperle,good,PseudoFehler,1,1
116,RECT,Lotperle,good,PseudoFehler,1,1
117,RECT,Lotperle,good,PseudoFehler,1,1
123,RECT,Lotperle,good,PseudoFehler,1,1
124,RECT,Lotperle,good,PseudoFehler,1,1
131,RECT,Lotperle,good,PseudoFehler,1,1
132,RECT,Lotperle,good,PseudoFehler,1,1
133,RECT,Lotperle,good,PseudoFehler,1,1
134,RECT,Lotperle,good,PseudoFehler,1,1
135,RECT,Lotperle,good,PseudoFehler,1,1
136,RECT,Lotperle,good,PseudoFehler,1,1
137,RECT,Lotperle,good,PseudoFehler,1,1
138,RECT,Lotperle,good,PseudoFehler,1,1
143,RECT,Lotperle,good,PseudoFehler,1,1
144,RECT,Lotperle,THT Loetbruecke,THT Loetbruecke,0,0
145,RECT,Lotperle,THT Loetbruecke,THT Loetbruecke,0,0
147,RECT,Lotperle,THT Loetbruecke,THT Loetbruecke,0,0
148,RECT,Lotperle,THT Loetbruecke,THT Loetbruecke,0,0
149,RECT,Lotperle,THT Loetbruecke,THT Loetbruecke,0,0
150,RECT,Lotperle,THT Loetbruecke,THT Loetbruecke,0,0
152,RECT,Lotperle,THT Loetbruecke,THT Loetbruecke,0,0
153,RECT,Lotperle,THT Loetbruecke,THT Loetbruecke,0,0
154,RECT,Lotperle,THT Loetbruecke,THT Loetbruecke,0,0
155,RECT,Lotperle,THT Loetbruecke,THT Loetbruecke,0,0
156,RECT,Lotperle,THT Loetbruecke,THT Loetbruecke,0,0
157,RECT,Lotperle,THT Loetbruecke,THT Loetbruecke,0,0
158,RECT,Lotperle,THT Loetbruecke,THT Loetbruecke,0,0
161,RECT,Lotperle,THT Loetbruecke,THT Loetbruecke,0,0
162,RECT,Lotperle,THT Loetbruecke,THT Loetbruecke,0,0
163,RECT,Lotperle,THT Loetbruecke,THT Loetbruecke,0,0
164,RECT,Lotperle,THT Loetbruecke,THT Loetbruecke,0,0
165,RECT,Lotperle,THT Loetbruecke,THT Loetbruecke,0,0
166,RECT,Lotperle,THT Loetbruecke,THT Loetbruecke,0,0
167,RECT,Lotperle,THT Loetbruecke,THT Loetbruecke,0,0
168,RECT,Lotperle,THT Loetbruecke,THT Loetbruecke,0,0
169,RECT,Lotperle,THT Loetbruecke,THT Loetbruecke,0,0
171,RECT,Lotperle,THT Loetbruecke,THT Loetbruecke,0,0
172,RECT,Lotperle,THT Loetbruecke,THT Loetbruecke,0,0
173,RECT,Lotperle,THT Loetbruecke,THT Loetbruecke,0,0
174,RECT,Lotperle,THT Loetbruecke,THT Loetbruecke,0,0
176,RECT,Lotperle,good,PseudoFehler,1,1
179,RECT,Lotperle,good,PseudoFehler,1,1
180,RECT,Lotperle,good,PseudoFehler,1,1
182,RECT,Lotperle,good,PseudoFehler,1,1
183,RECT,Lotperle,good,PseudoFehler,1,1
184,RECT,Lotperle,good,PseudoFehler,1,1
185,RECT,Lotperle,good,PseudoFehler,1,1
192,RECT,Lotperle,good,PseudoFehler,1,1
193,RECT,Lotperle,good,PseudoFehler,1,1
197,RECT,Lotperle,good,PseudoFehler,1,1
198,RECT,Lotperle,good,PseudoFehler,1,1
199,RECT,Lotperle,good,PseudoFehler,1,1
200,RECT,Lotperle,good,PseudoFehler,1,1
203,RECT,Lotperle,THT Loetbruecke,THT Loetbruecke,0,0
204,RECT,Lotperle,THT Loetbruecke,THT Loetbruecke,0,0
211,RECT,Lotperle,good,PseudoFehler,1,1
212,RECT,Lotperle,good,PseudoFehler,1,1
214,RECT,Lotperle,good,PseudoFehler,1,1
215,RECT,Lotperle,good,PseudoFehler,1,1
218,RECT,Lotperle,good,PseudoFehler,1,1
221,RECT,Lotperle,good,PseudoFehler,1,1
227,RECT,Lotperle,good,PseudoFehler,1,1
228,RECT,Lotperle,good,PseudoFehler,1,1
229,RECT,Lotperle,good,PseudoFehler,1,1
230,RECT,Lotperle,good,PseudoFehler,1,1
231,RECT,Lotperle,good,PseudoFehler,1,1
232,RECT,Lotperle,good,PseudoFehler,1,1
234,RECT,Lotperle,good,PseudoFehler,1,1
235,RECT,Lotperle,good,PseudoFehler,1,1
236,RECT,Lotperle,good,PseudoFehler,1,1
237,RECT,Lotperle,good,PseudoFehler,1,1
238,RECT,Lotperle,good,PseudoFehler,1,1
240,RECT,Lotperle,good,PseudoFehler,1,1
241,RECT,Lotperle,good,PseudoFehler,1,1
242,RECT,Lotperle,good,PseudoFehler,1,1
243,RECT,Lotperle,good,PseudoFehler,1,1
245,RECT,Lotperle,good,PseudoFehler,1,1
246,RECT,Lotperle,good,PseudoFehler,1,1
248,RECT,Lotperle,good,PseudoFehler,1,1
249,RECT,Lotperle,good,PseudoFehler,1,1
250,RECT,Lotperle,good,PseudoFehler,1,1
251,RECT,Lotperle,good,PseudoFehler,1,1
252,RECT,Lotperle,good,PseudoFehler,1,1
254,RECT,Lotperle,good,PseudoFehler,1,1
259,RECT,Lotperle,good,PseudoFehler,1,1
262,RECT,Meniskus,THT Loetstelle offen,THT Loetstelle offen,0,0
263,RECT,Meniskus,THT Loetstelle offen,THT Loetstelle offen,0,0
267,RECT,Lotperle,THT Loetbruecke,THT Loetbruecke,0,0
268,RECT,Lotperle,THT Loetbruecke,THT Loetbruecke,0,0
269,RECT,Lotperle,THT Loetbruecke,THT Loetbruecke,0,0
270,RECT,Lotperle,THT Loetbruecke,THT Loetbruecke,0,0
271,RECT,Lotperle,THT Loetbruecke,THT Loetbruecke,0,0
272,RECT,Lotperle,THT Loetbruecke,THT Loetbruecke,0,0
273,RECT,Lotperle,THT Loetbruecke,THT Loetbruecke,0,0
274,RECT,Lotperle,THT Loetbruecke,THT Loetbruecke,0,0
275,RECT,Lotperle,THT Loetbruecke,THT Loetbruecke,0,0
276,RECT,Lotperle,THT Loetbruecke,THT Loetbruecke,0,0
277,RECT,Lotperle,THT Loetbruecke,THT Loetbruecke,0,0
283,RECT,Lotperle,THT Loetbruecke,THT Loetbruecke,0,0
284,RECT,Lotperle,THT Loetbruecke,THT Loetbruecke,0,0
285,RECT,Lotperle,THT Loetbruecke,THT Loetbruecke,0,0
287,RECT,Lotperle,THT Loetbruecke,THT Loetbruecke,0,0
288,RECT,Lotperle,THT Loetbruecke,THT Loetbruecke,0,0
289,RECT,Lotperle,THT Loetbruecke,THT Loetbruecke,0,0
290,RECT,Lotperle,THT Loetbruecke,THT Loetbruecke,0,0
291,RECT,Lotperle,THT Loetbruecke,THT Loetbruecke,0,0
292,RECT,Lotperle,THT Loetbruecke,THT Loetbruecke,0,0
293,RECT,Lotperle,THT Loetbruecke,THT Loetbruecke,0,0
294,RECT,Lotperle,THT Loetbruecke,THT Loetbruecke,0,0
295,RECT,Lotperle,THT Loetbruecke,THT Loetbruecke,0,0
296,RECT,Lotperle,THT Loetbruecke,THT Loetbruecke,0,0
297,RECT,Lotperle,THT Loetbruecke,THT Loetbruecke,0,0
298,RECT,Lotperle,THT Loetbruecke,THT Loetbruecke,0,0
299,RECT,Lotperle,THT Loetbruecke,THT Loetbruecke,0,0
300,RECT,Lotperle,THT Loetbruecke,THT Loetbruecke,0,0
304,RECT,Lotperle,THT Loetbruecke,THT Loetbruecke,0,0
305,RECT,Lotperle,THT Loetbruecke,THT Loetbruecke,0,0
307,RECT,Lotperle,THT Loetbruecke,THT Loetbruecke,0,0
308,RECT,Lotperle,THT Loetbruecke,THT Loetbruecke,0,0
309,RECT,Lotperle,THT Loetbruecke,THT Loetbruecke,0,0
310,RECT,Lotperle,THT Loetbruecke,THT Loetbruecke,0,0
313,RECT,Lotperle,THT Loetbruecke,THT Loetbruecke,0,0
316,RECT,Lotperle,THT Loetbruecke,THT Loetbruecke,0,0
317,RECT,Lotperle,THT Loetbruecke,THT Loetbruecke,0,0
323,RECT,Lotperle,THT Loetbruecke,THT Loetbruecke,0,0
325,RECT,Lotperle,THT Loetbruecke,THT Loetbruecke,0,0
326,RECT,Lotperle,THT Loetbruecke,THT Loetbruecke,0,0
327,RECT,Lotperle,THT Loetbruecke,THT Loetbruecke,0,0
328,RECT,Lotperle,THT Loetbruecke,THT Loetbruecke,0,0
329,RECT,Lotperle,THT Loetbruecke,THT Loetbruecke,0,0
330,RECT,Lotperle,THT Loetbruecke,THT Loetbruecke,0,0
331,RECT,Lotperle,THT Loetbruecke,THT Loetbruecke,0,0
332,RECT,Lotperle,THT Loetbruecke,THT Loetbruecke,0,0
333,RECT,Lotperle,THT Loetbruecke,THT Loetbruecke,0,0
334,RECT,Lotperle,good,PseudoFehler,1,1
335,RECT,Lotperle,good,PseudoFehler,1,1
336,RECT,Lotperle,good,PseudoFehler,1,1
337,RECT,Lotperle,good,PseudoFehler,1,1
338,RECT,Lotperle,good,PseudoFehler,1,1
339,RECT,Lotperle,good,PseudoFehler,1,1
340,RECT,Lotperle,good,PseudoFehler,1,1
341,RECT,Lotperle,good,PseudoFehler,1,1
342,RECT,Lotperle,good,PseudoFehler,1,1
343,RECT,Lotperle,good,PseudoFehler,1,1
344,RECT,Lotperle,good,PseudoFehler,1,1
345,RECT,Lotperle,good,PseudoFehler,1,1
351,RECT,Lotperle,good,PseudoFehler,1,1
352,RECT,Lotperle,good,PseudoFehler,1,1
353,RECT,Lotperle,good,PseudoFehler,1,1
354,RECT,Lotperle,good,PseudoFehler,1,1
355,RECT,Lotperle,good,PseudoFehler,1,1
356,RECT,Lotperle,good,PseudoFehler,1,1
362,RECT,Lotperle,THT Loetbruecke,THT Loetbruecke,0,0
363,RECT,Lotperle,THT Loetbruecke,THT Loetbruecke,0,0
364,RECT,Lotperle,THT Loetbruecke,THT Loetbruecke,0,0
365,RECT,Lotperle,THT Loetbruecke,THT Loetbruecke,0,0
366,RECT,Lotperle,THT Loetbruecke,THT Loetbruecke,0,0
367,RECT,Lotperle,THT Loetbruecke,THT Loetbruecke,0,0
368,RECT,Lotperle,THT Loetbruecke,THT Loetbruecke,0,0
370,RECT,Lotperle,THT Loetbruecke,THT Loetbruecke,0,0
371,RECT,Lotperle,THT Loetbruecke,THT Loetbruecke,0,0
376,RECT,Lotperle,good,PseudoFehler,1,1
377,RECT,Lotperle,good,PseudoFehler,1,1
388,RECT,Lotperle,good,PseudoFehler,1,1
389,RECT,Lotperle,THT Loetbruecke,THT Loetbruecke,0,0
393,RECT,Lotperle,THT Loetbruecke,THT Loetbruecke,0,0
394,RECT,Lotperle,THT Loetbruecke,THT Loetbruecke,0,0
395,RECT,Lotperle,THT Loetbruecke,THT Loetbruecke,0,0
396,RECT,Lotperle,THT Loetbruecke,THT Loetbruecke,0,0
399,RECT,Lotperle,THT Loetbruecke,THT Loetbruecke,0,0
400,RECT,Lotperle,THT Loetbruecke,THT Loetbruecke,0,0
401,RECT,Lotperle,THT Loetbruecke,THT Loetbruecke,0,0
402,RECT,Lotperle,THT Loetbruecke,THT Loetbruecke,0,0
403,RECT,Lotperle,THT Loetbruecke,THT Loetbruecke,0,0
404,RECT,Lotperle,THT Loetbruecke,THT Loetbruecke,0,0
407,RECT,Lotperle,good,PseudoFehler,1,1
411,RECT,Lotperle,THT Loetbruecke,THT Loetbruecke,0,0
412,RECT,Lotperle,THT Loetbruecke,THT Loetbruecke,0,0
418,RECT,Lotperle,THT Loetbruecke,THT Loetbruecke,0,0
419,RECT,Lotperle,THT Loetbruecke,THT Loetbruecke,0,0
420,RECT,Lotperle,THT Loetbruecke,THT Loetbruecke,0,0
421,RECT,Lotperle,THT Loetbruecke,THT Loetbruecke,0,0
422,RECT,Lotperle,THT Loetbruecke,THT Loetbruecke,0,0
423,RECT,Lotperle,THT Loetbruecke,THT Loetbruecke,0,0
424,RECT,Lotperle,THT Loetbruecke,THT Loetbruecke,0,0
425,RECT,Lotperle,THT Loetbruecke,THT Loetbruecke,0,0
426,RECT,Lotperle,THT Loetbruecke,THT Loetbruecke,0,0
427,RECT,Lotperle,THT Loetbruecke,THT Loetbruecke,0,0
428,RECT,Lotperle,THT Loetbruecke,THT Loetbruecke,0,0
429,RECT,Lotperle,THT Loetbruecke,THT Loetbruecke,0,0
430,RECT,Lotperle,THT Loetbruecke,THT Loetbruecke,0,0
431,RECT,Lotperle,THT Loetbruecke,THT Loetbruecke,0,0
437,RECT,Lotperle,THT Loetbruecke,THT Loetbruecke,0,0
438,RECT,Lotperle,THT Loetbruecke,THT Loetbruecke,0,0
439,RECT,Lotperle,THT Loetbruecke,THT Loetbruecke,0,0
440,RECT,Lotperle,THT Loetbruecke,THT Loetbruecke,0,0
441,RECT,Lotperle,THT Loetbruecke,THT Loetbruecke,0,0
442,RECT,Lotperle,THT Loetbruecke,THT Loetbruecke,0,0
443,RECT,Lotperle,THT Loetbruecke,THT Loetbruecke,0,0
444,RECT,Lotperle,THT Loetbruecke,THT Loetbruecke,0,0
445,RECT,Lotperle,THT Loetbruecke,THT Loetbruecke,0,0
446,RECT,Lotperle,THT Loetbruecke,THT Loetbruecke,0,0
447,RECT,Lotperle,THT Loetbruecke,THT Loetbruecke,0,0
452,RECT,Lotperle,THT Loetbruecke,THT Loetbruecke,0,0
453,RECT,Lotperle,THT Loetbruecke,THT Loetbruecke,0,0
455,RECT,Lotperle,good,PseudoFehler,1,1
456,RECT,Lotperle,good,PseudoFehler,1,1
457,RECT,Lotperle,good,PseudoFehler,1,1
458,RECT,Lotperle,good,PseudoFehler,1,1
459,RECT,Lotperle,good,PseudoFehler,1,1
460,RECT,Lotperle,good,PseudoFehler,1,1
461,RECT,Lotperle,good,PseudoFehler,1,1
462,RECT,Lotperle,good,PseudoFehler,1,1
463,RECT,Lotperle,good,PseudoFehler,1,1
466,RECT,Lotperle,good,PseudoFehler,1,1
470,RECT,Lotperle,good,PseudoFehler,1,1
472,RECT,Lotperle,good,PseudoFehler,1,1
475,RECT,Lotperle,good,PseudoFehler,1,1
479,ELLIPSE,Pin,good,PseudoFehler,1,1
489,ELLIPSE,Pin,good,PseudoFehler,1,1
492,ELLIPSE,Pin,good,PseudoFehler,1,1
498,ELLIPSE,Lötung,good,PseudoFehler,1,1
507,ELLIPSE,Meniskus,good,PseudoFehler,1,1
509,ELLIPSE,Meniskus,good,PseudoFehler,1,1
518,ELLIPSE,Meniskus,good,PseudoFehler,1,1
523,ELLIPSE,Meniskus,good,PseudoFehler,1,1
528,ELLIPSE,Meniskus,good,PseudoFehler,1,1
532,ELLIPSE,Pin,good,PseudoFehler,1,1
540,ELLIPSE,Meniskus,good,PseudoFehler,1,1
544,ELLIPSE,Meniskus,good,PseudoFehler,1,1
550,ELLIPSE,Meniskus,good,PseudoFehler,1,1
556,ELLIPSE,Pin,good,PseudoFehler,1,1
562,ELLIPSE,Meniskus,good,PseudoFehler,1,1
571,ELLIPSE,Meniskus,good,PseudoFehler,1,1
579,ELLIPSE,Meniskus,good,PseudoFehler,1,1
585,ELLIPSE,Lötung,good,PseudoFehler,1,1
591,ELLIPSE,Lötung,good,PseudoFehler,1,1
595,ELLIPSE,Lötung,good,PseudoFehler,1,1
598,ELLIPSE,Meniskus,good,PseudoFehler,1,1
609,ELLIPSE,Meniskus,good,PseudoFehler,1,1
614,ELLIPSE,Meniskus,good,PseudoFehler,1,1
619,ELLIPSE,Pin,good,PseudoFehler,1,1
627,ELLIPSE,Pin,good,PseudoFehler,1,1
629,ELLIPSE,Pin,good,PseudoFehler,1,1
639,ELLIPSE,Lötung,good,PseudoFehler,1,1
640,ELLIPSE,Pin,good,PseudoFehler,1,1
646,ELLIPSE,Pin,good,PseudoFehler,1,1
654,ELLIPSE,Pin,good,PseudoFehler,1,1
659,ELLIPSE,Meniskus,THT Loetstelle offen,THT Loetstelle offen,0,0
662,ELLIPSE,Lötung,THT Loetstelle offen,THT Loetstelle offen,0,0
664,ELLIPSE,Meniskus,THT Bauteil liegt nicht auf,THT Bauteil liegt nicht auf,0,0
665,ELLIPSE,Pin,THT Bauteil liegt nicht auf,THT Bauteil liegt nicht auf,0,0
667,ELLIPSE,Pin,THT Bauteil liegt nicht auf,THT Bauteil liegt nicht auf,0,0
671,ELLIPSE,Lötung,THT Loetstelle offen,THT Loetstelle offen,0,0
672,ELLIPSE,Meniskus,THT Loetstelle offen,THT Loetstelle offen,0,0
675,ELLIPSE,Lötung,THT Loetstelle offen,THT Loetstelle offen,0,0
676,ELLIPSE,Meniskus,THT Loetstelle offen,THT Loetstelle offen,0,0
678,ELLIPSE,Lötung,THT Loetstelle offen,THT Loetstelle offen,0,0
679,ELLIPSE,Meniskus,THT Loetstelle offen,THT Loetstelle offen,0,0
683,ELLIPSE,Pin,THT Bauteil liegt nicht auf,THT Bauteil liegt nicht auf,0,0
684,ELLIPSE,Pin,THT Bauteil liegt nicht auf,THT Bauteil liegt nicht auf,0,0
685,ELLIPSE,Meniskus,THT Bauteil liegt nicht auf,THT Bauteil liegt nicht auf,0,0
688,ELLIPSE,Pin,THT Bauteil liegt nicht auf,THT Bauteil liegt nicht auf,0,0
689,ELLIPSE,Pin,THT Bauteil fehlt,THT Bauteil fehlt,0,0
690,ELLIPSE,Meniskus,THT Bauteil fehlt,THT Bauteil fehlt,0,0
691,ELLIPSE,Pin,THT Bauteil fehlt,THT Bauteil fehlt,0,0
696,ELLIPSE,Lötung,THT Bauteil fehlt,THT Bauteil fehlt,0,0
697,ELLIPSE,Meniskus,THT Bauteil fehlt,THT Bauteil fehlt,0,0
698,ELLIPSE,Pin,THT Bauteil fehlt,THT Bauteil fehlt,0,0
702,ELLIPSE,Pin,THT Bauteil fehlt,THT Bauteil fehlt,0,0
703,ELLIPSE,Pin,THT Bauteil fehlt,THT Bauteil fehlt,0,0
704,ELLIPSE,Pin,THT Bauteil fehlt,THT Bauteil fehlt,0,0
705,ELLIPSE,Meniskus,THT Bauteil fehlt,THT Bauteil fehlt,0,0
708,ELLIPSE,Pin,THT Bauteil fehlt,THT Bauteil fehlt,0,0
709,ELLIPSE,Meniskus,THT Bauteil fehlt,THT Bauteil fehlt,0,0
712,ELLIPSE,Lötung,THT Bauteil fehlt,THT Bauteil fehlt,0,0
713,ELLIPSE,Pin,THT Bauteil fehlt,THT Bauteil fehlt,0,0
715,ELLIPSE,Meniskus,THT Bauteil liegt nicht auf,THT Bauteil liegt nicht auf,0,0
716,ELLIPSE,Pin,THT Bauteil liegt nicht auf,THT Bauteil liegt nicht auf,0,0
721,ELLIPSE,Meniskus,good,PseudoFehler,1,1
726,ELLIPSE,Lötung,THT Loetstelle offen,THT Loetstelle offen,0,0
727,ELLIPSE,Meniskus,THT Loetstelle offen,THT Loetstelle offen,0,0
731,ELLIPSE,Meniskus,THT Loetstelle offen,THT Loetstelle offen,0,0
732,ELLIPSE,Lötung,THT Loetstelle offen,THT Loetstelle offen,0,0
736,ELLIPSE,Pin,good,PseudoFehler,1,1
738,ELLIPSE,Pin,THT Bauteil liegt nicht auf,THT Bauteil liegt nicht auf,0,0
741,ELLIPSE,Meniskus,good,PseudoFehler,1,1
742,ELLIPSE,Lötung,good,PseudoFehler,1,1
751,ELLIPSE,Pin,good,PseudoFehler,1,1
752,ELLIPSE,Pin,THT Bauteil liegt nicht auf,THT Bauteil liegt nicht auf,0,0
753,ELLIPSE,Pin,THT Bauteil liegt nicht auf,THT Bauteil liegt nicht auf,0,0
758,ELLIPSE,Meniskus,THT Bauteil liegt nicht auf,THT Bauteil liegt nicht auf,0,0
759,ELLIPSE,Meniskus,THT Bauteil liegt nicht auf,THT Bauteil liegt nicht auf,0,0
760,ELLIPSE,Lötung,THT Bauteil liegt nicht auf,THT Bauteil liegt nicht auf,0,0
761,ELLIPSE,Pin,THT Bauteil liegt nicht auf,THT Bauteil liegt nicht auf,0,0
766,ELLIPSE,Pin,good,PseudoFehler,1,1
769,ELLIPSE,Pin,THT Bauteil liegt nicht auf,THT Bauteil liegt nicht auf,0,0
771,ELLIPSE,Pin,THT Bauteil liegt nicht auf,THT Bauteil liegt nicht auf,0,0
772,ELLIPSE,Meniskus,THT Bauteil liegt nicht auf,THT Bauteil liegt nicht auf,0,0
776,ELLIPSE,Meniskus,good,PseudoFehler,1,1
777,ELLIPSE,Pin,THT Bauteil liegt nicht auf,THT Bauteil liegt nicht auf,0,0
778,ELLIPSE,Meniskus,THT Bauteil liegt nicht auf,THT Bauteil liegt nicht auf,0,0
779,ELLIPSE,Pin,THT Bauteil liegt nicht auf,THT Bauteil liegt nicht auf,0,0
780,ELLIPSE,Meniskus,THT Bauteil liegt nicht auf,THT Bauteil liegt nicht auf,0,0
781,ELLIPSE,Meniskus,THT Bauteil liegt nicht auf,THT Bauteil liegt nicht auf,0,0
782,ELLIPSE,Pin,THT Bauteil liegt nicht auf,THT Bauteil liegt nicht auf,0,0
784,ELLIPSE,Pin,THT Bauteil liegt nicht auf,THT Bauteil liegt nicht auf,0,0
785,ELLIPSE,Pin,THT Bauteil liegt nicht auf,THT Bauteil liegt nicht auf,0,0
786,ELLIPSE,Pin,THT Bauteil liegt nicht auf,THT Bauteil liegt nicht auf,0,0
787,ELLIPSE,Pin,THT Bauteil liegt nicht auf,THT Bauteil liegt nicht auf,0,0
788,ELLIPSE,Pin,THT Bauteil liegt nicht auf,THT Bauteil liegt nicht auf,0,0
789,ELLIPSE,Pin,THT Bauteil liegt nicht auf,THT Bauteil liegt nicht auf,0,0
790,ELLIPSE,Pin,THT Bauteil liegt nicht auf,THT Bauteil liegt nicht auf,0,0
791,ELLIPSE,Pin,THT Bauteil liegt nicht auf,THT Bauteil liegt nicht auf,0,0
796,ELLIPSE,Meniskus,THT Bauteil liegt nicht auf,THT Bauteil liegt nicht auf,0,0
797,ELLIPSE,Pin,THT Bauteil liegt nicht auf,THT Bauteil liegt nicht auf,0,0
803,ELLIPSE,Lötung,THT Loetstelle offen,THT Loetstelle offen,0,0
804,ELLIPSE,Meniskus,THT Loetstelle offen,THT Loetstelle offen,0,0
809,ELLIPSE,Meniskus,THT Loetstelle offen,THT Loetstelle offen,0,0
816,ELLIPSE,Meniskus,THT Loetstelle offen,THT Loetstelle offen,0,0
820,ELLIPSE,Pin,good,PseudoFehler,1,1
821,ELLIPSE,Pin,good,PseudoFehler,1,1
824,ELLIPSE,Pin,good,PseudoFehler,1,1
828,ELLIPSE,Pin,good,PseudoFehler,1,1
833,ELLIPSE,Pin,good,PseudoFehler,1,1
834,ELLIPSE,Pin,good,PseudoFehler,1,1
842,ELLIPSE,Pin,good,PseudoFehler,1,1
843,ELLIPSE,Pin,good,PseudoFehler,1,1
850,ELLIPSE,Klemmträger verlötet,good,PseudoFehler,1,1
851,ELLIPSE,Klemmträger verlötet,good,PseudoFehler,1,1
853,ELLIPSE,Klemmträger verlötet,good,PseudoFehler,1,1
863,ELLIPSE,Klemmträger verlötet,good,PseudoFehler,1,1
864,ELLIPSE,Klemmträger verlötet,good,PseudoFehler,1,1
870,ELLIPSE,Klemmträger verlötet,good,PseudoFehler,1,1
881,ELLIPSE,Klemmträger verlötet,good,PseudoFehler,1,1
882,ELLIPSE,Lötung,good,PseudoFehler,1,1
883,ELLIPSE,Pin,good,PseudoFehler,1,1
884,ELLIPSE,Pin,good,PseudoFehler,1,1
885,ELLIPSE,Pin,good,PseudoFehler,1,1
886,ELLIPSE,Pin,good,PseudoFehler,1,1
887,ELLIPSE,Pin,good,PseudoFehler,1,1
888,ELLIPSE,Pin,good,PseudoFehler,1,1
889,ELLIPSE,Lötung,good,PseudoFehler,1,1
890,ELLIPSE,Pin,good,PseudoFehler,1,1
891,ELLIPSE,Meniskus,good,PseudoFehler,1,1
897,ELLIPSE,Pin,good,PseudoFehler,1,1
898,ELLIPSE,Pin,good,PseudoFehler,1,1
908,ELLIPSE,Klemmträger verlötet,good,PseudoFehler,1,1
910,ELLIPSE,Pin,good,PseudoFehler,1,1
911,ELLIPSE,Pin,good,PseudoFehler,1,1
917,ELLIPSE,Pin,good,PseudoFehler,1,1
918,ELLIPSE,Pin,good,PseudoFehler,1,1
924,ELLIPSE,Pin,good,PseudoFehler,1,1
925,ELLIPSE,Pin,good,PseudoFehler,1,1
935,ELLIPSE,Pin,good,PseudoFehler,1,1
936,ELLIPSE,Pin,good,PseudoFehler,1,1
942,ELLIPSE,Pin,good,PseudoFehler,1,1
943,ELLIPSE,Pin,good,PseudoFehler,1,1
945,ELLIPSE,Pin,good,PseudoFehler,1,1
951,ELLIPSE,Pin,good,PseudoFehler,1,1
952,ELLIPSE,Pin,good,PseudoFehler,1,1
958,ELLIPSE,Pin,good,PseudoFehler,1,1
961,ELLIPSE,Pin,good,PseudoFehler,1,1
963,ELLIPSE,Pin,good,PseudoFehler,1,1
966,ELLIPSE,Klemmträger verlötet,good,PseudoFehler,1,1
976,ELLIPSE,Pin,good,PseudoFehler,1,1
978,ELLIPSE,Pin,good,PseudoFehler,1,1
983,ELLIPSE,Pin,good,PseudoFehler,1,1
984,ELLIPSE,Pin,good,PseudoFehler,1,1
987,ELLIPSE,Pin,good,PseudoFehler,1,1
988,ELLIPSE,Pin,good,PseudoFehler,1,1
994,ELLIPSE,Pin,good,PseudoFehler,1,1
995,ELLIPSE,Pin,good,PseudoFehler,1,1
1004,ELLIPSE,Pin,good,PseudoFehler,1,1
1006,ELLIPSE,Pin,good,PseudoFehler,1,1
1008,ELLIPSE,Pin,good,PseudoFehler,1,1
1009,ELLIPSE,Pin,good,PseudoFehler,1,1
1017,ELLIPSE,Pin,good,PseudoFehler,1,1
1025,ELLIPSE,Pin,good,PseudoFehler,1,1
1029,ELLIPSE,Pin,THT Bauteil liegt nicht auf,THT Bauteil liegt nicht auf,0,0
1031,ELLIPSE,Pin,THT Bauteil liegt nicht auf,THT Bauteil liegt nicht auf,0,0
1034,ELLIPSE,Pin,THT Bauteil liegt nicht auf,THT Bauteil liegt nicht auf,0,0
1035,ELLIPSE,Pin,THT Bauteil liegt nicht auf,THT Bauteil liegt nicht auf,0,0
1045,ELLIPSE,Pin,good,PseudoFehler,1,1
1051,ELLIPSE,Lötung,THT Loetstelle offen,THT Loetstelle offen,0,0
1052,ELLIPSE,Meniskus,THT Loetstelle offen,THT Loetstelle offen,0,0
1053,ELLIPSE,Meniskus,THT Loetstelle offen,THT Loetstelle offen,0,0
1054,ELLIPSE,Lötung,THT Loetstelle offen,THT Loetstelle offen,0,0
1055,ELLIPSE,Lötung,THT Loetstelle offen,THT Loetstelle offen,0,0
1056,ELLIPSE,Meniskus,THT Loetstelle offen,THT Loetstelle offen,0,0
1066,ELLIPSE,Lötung,THT Loetstelle offen,THT Loetstelle offen,0,0
1068,ELLIPSE,Meniskus,THT Loetstelle offen,THT Loetstelle offen,0,0
1074,ELLIPSE,Lötung,THT Loetstelle offen,THT Loetstelle offen,0,0
1078,ELLIPSE,Meniskus,THT Bauteil fehlt,THT Bauteil fehlt,0,0
1079,ELLIPSE,Lötung,THT Bauteil fehlt,THT Bauteil fehlt,0,0
1081,ELLIPSE,Meniskus,THT Bauteil fehlt,THT Bauteil fehlt,0,0
1088,ELLIPSE,Meniskus,THT Loetstelle offen,THT Loetstelle offen,0,0
1089,ELLIPSE,Lötung,THT Loetstelle offen,THT Loetstelle offen,0,0
1094,ELLIPSE,Lötung,THT Loetstelle offen,THT Loetstelle offen,0,0
1097,ELLIPSE,Meniskus,THT Bauteil fehlt,THT Bauteil fehlt,0,0
1098,ELLIPSE,Lötung,THT Bauteil fehlt,THT Bauteil fehlt,0,0
1099,ELLIPSE,Lötung,THT Bauteil fehlt,THT Bauteil fehlt,0,0
1100,ELLIPSE,Meniskus,THT Bauteil fehlt,THT Bauteil fehlt,0,0
1109,ELLIPSE,Lötung,THT Loetstelle offen,THT Loetstelle offen,0,0
1111,ELLIPSE,Meniskus,THT Loetstelle offen,THT Loetstelle offen,0,0
1112,ELLIPSE,Lötung,THT Loetstelle offen,THT Loetstelle offen,0,0
1118,ELLIPSE,Lötung,THT Bauteil fehlt,THT Bauteil fehlt,0,0
1119,ELLIPSE,Pin,THT Bauteil fehlt,THT Bauteil fehlt,0,0
1120,ELLIPSE,Lötung,THT Bauteil fehlt,THT Bauteil fehlt,0,0
1121,ELLIPSE,Meniskus,THT Bauteil fehlt,THT Bauteil fehlt,0,0
1122,ELLIPSE,Meniskus,THT Bauteil fehlt,THT Bauteil fehlt,0,0
1133,ELLIPSE,Lötung,THT Bauteil fehlt,THT Bauteil fehlt,0,0
1134,ELLIPSE,Lötung,THT Bauteil fehlt,THT Bauteil fehlt,0,0
1135,ELLIPSE,Meniskus,THT Bauteil fehlt,THT Bauteil fehlt,0,0
1136,ELLIPSE,Meniskus,THT Bauteil fehlt,THT Bauteil fehlt,0,0
1142,ELLIPSE,Pin,THT Bauteil fehlt,THT Bauteil fehlt,0,0
1143,ELLIPSE,Lötung,THT Bauteil fehlt,THT Bauteil fehlt,0,0
1144,ELLIPSE,Lötung,THT Bauteil fehlt,THT Bauteil fehlt,0,0
1145,ELLIPSE,Meniskus,THT Bauteil fehlt,THT Bauteil fehlt,0,0
1146,ELLIPSE,Meniskus,THT Bauteil fehlt,THT Bauteil fehlt,0,0
1147,ELLIPSE,Meniskus,THT Loetstelle offen,THT Loetstelle offen,0,0
1153,ELLIPSE,Lötung,THT Loetstelle offen,THT Loetstelle offen,0,0
1156,ELLIPSE,Lötung,THT Loetstelle offen,THT Loetstelle offen,0,0
1164,ELLIPSE,Meniskus,THT Loetstelle offen,THT Loetstelle offen,0,0
1166,ELLIPSE,Pin,THT Bauteil fehlt,THT Bauteil fehlt,0,0
1167,ELLIPSE,Pin,THT Bauteil fehlt,THT Bauteil fehlt,0,0
1175,ELLIPSE,Lötung,THT Bauteil fehlt,THT Bauteil fehlt,0,0
1176,ELLIPSE,Lötung,THT Bauteil fehlt,THT Bauteil fehlt,0,0
1185,ELLIPSE,Lötung,THT Bauteil fehlt,THT Bauteil fehlt,0,0
1186,ELLIPSE,Lötung,THT Bauteil fehlt,THT Bauteil fehlt,0,0
1187,ELLIPSE,Lötung,THT Bauteil fehlt,THT Bauteil fehlt,0,0
1193,ELLIPSE,Lötung,THT Bauteil fehlt,THT Bauteil fehlt,0,0
1194,ELLIPSE,Lötung,THT Bauteil fehlt,THT Bauteil fehlt,0,0
1195,ELLIPSE,Pin,THT Bauteil fehlt,THT Bauteil fehlt,0,0
1196,ELLIPSE,Pin,THT Bauteil fehlt,THT Bauteil fehlt,0,0
1197,ELLIPSE,Meniskus,THT Bauteil fehlt,THT Bauteil fehlt,0,0
1198,ELLIPSE,Meniskus,THT Bauteil fehlt,THT Bauteil fehlt,0,0
1199,ELLIPSE,Pin,THT Bauteil fehlt,THT Bauteil fehlt,0,0
1200,ELLIPSE,Meniskus,THT Bauteil fehlt,THT Bauteil fehlt,0,0
1201,ELLIPSE,Pin,THT Bauteil fehlt,THT Bauteil fehlt,0,0
1202,ELLIPSE,Meniskus,THT Bauteil fehlt,THT Bauteil fehlt,0,0
1203,ELLIPSE,Pin,THT Bauteil fehlt,THT Bauteil fehlt,0,0
1204,ELLIPSE,Pin,good,PseudoFehler,1,1
1209,ELLIPSE,Pin,good,PseudoFehler,1,1
1214,ELLIPSE,Pin,good,PseudoFehler,1,1
1215,ELLIPSE,Pin,good,PseudoFehler,1,1
1219,ELLIPSE,Pin,good,PseudoFehler,1,1
1220,ELLIPSE,Pin,good,PseudoFehler,1,1
1225,ELLIPSE,Lötung,good,PseudoFehler,1,1
1231,ELLIPSE,Meniskus,good,PseudoFehler,1,1
1240,ELLIPSE,Meniskus,good,PseudoFehler,1,1
1241,ELLIPSE,Lötung,good,PseudoFehler,1,1
1242,ELLIPSE,Lötung,good,PseudoFehler,1,1
1243,ELLIPSE,Meniskus,good,PseudoFehler,1,1
1250,ELLIPSE,Meniskus,THT Bauteil fehlt,THT Bauteil fehlt,0,0
1251,ELLIPSE,Lötung,THT Bauteil fehlt,THT Bauteil fehlt,0,0
1252,ELLIPSE,Lötung,THT Bauteil fehlt,THT Bauteil fehlt,0,0
1259,ELLIPSE,Lötung,good,PseudoFehler,1,1
1260,ELLIPSE,Lötung,good,PseudoFehler,1,1
1264,ELLIPSE,Pin,good,PseudoFehler,1,1
1266,ELLIPSE,Pin,good,PseudoFehler,1,1
1269,ELLIPSE,Pin,good,PseudoFehler,1,1
1270,ELLIPSE,Pin,good,PseudoFehler,1,1
1278,ELLIPSE,Lötung,good,PseudoFehler,1,1
1281,ELLIPSE,Pin,good,PseudoFehler,1,1
1289,ELLIPSE,Meniskus,good,PseudoFehler,1,1
1290,ELLIPSE,Pin,good,PseudoFehler,1,1
1291,ELLIPSE,Meniskus,good,PseudoFehler,1,1
1293,ELLIPSE,Meniskus,good,PseudoFehler,1,1
1295,ELLIPSE,Pin,THT Bauteil liegt nicht auf,THT Bauteil liegt nicht auf,0,0
1296,ELLIPSE,Pin,THT Bauteil liegt nicht auf,THT Bauteil liegt nicht auf,0,0
1297,ELLIPSE,Pin,THT Bauteil liegt nicht auf,THT Bauteil liegt nicht auf,0,0
1298,ELLIPSE,Pin,THT Bauteil liegt nicht auf,THT Bauteil liegt nicht auf,0,0
1299,ELLIPSE,Pin,THT Bauteil liegt nicht auf,THT Bauteil liegt nicht auf,0,0
1300,ELLIPSE,Pin,THT Bauteil liegt nicht auf,THT Bauteil liegt nicht auf,0,0
1308,ELLIPSE,Meniskus,good,PseudoFehler,1,1
1313,ELLIPSE,Meniskus,good,PseudoFehler,1,1
1314,ELLIPSE,Meniskus,THT Bauteil liegt nicht auf,THT Bauteil liegt nicht auf,0,0
1316,ELLIPSE,Pin,THT Bauteil liegt nicht auf,THT Bauteil liegt nicht auf,0,0
1317,ELLIPSE,Pin,THT Bauteil liegt nicht auf,THT Bauteil liegt nicht auf,0,0
1318,ELLIPSE,Pin,THT Bauteil liegt nicht auf,THT Bauteil liegt nicht auf,0,0
1319,ELLIPSE,Pin,THT Bauteil liegt nicht auf,THT Bauteil liegt nicht auf,0,0
1320,ELLIPSE,Pin,THT Bauteil liegt nicht auf,THT Bauteil liegt nicht auf,0,0
1321,ELLIPSE,Pin,THT Bauteil liegt nicht auf,THT Bauteil liegt nicht auf,0,0
1322,ELLIPSE,Pin,THT Bauteil liegt nicht auf,THT Bauteil liegt nicht auf,0,0
1323,ELLIPSE,Pin,THT Bauteil liegt nicht auf,THT Bauteil liegt nicht auf,0,0
1324,ELLIPSE,Pin,THT Bauteil liegt nicht auf,THT Bauteil liegt nicht auf,0,0
1325,ELLIPSE,Pin,THT Bauteil liegt nicht auf,THT Bauteil liegt nicht auf,0,0
1326,ELLIPSE,Pin,THT Bauteil liegt nicht auf,THT Bauteil liegt nicht auf,0,0
1329,ELLIPSE,Meniskus,good,PseudoFehler,1,1
1331,ELLIPSE,Meniskus,good,PseudoFehler,1,1
1333,ELLIPSE,Pin,good,PseudoFehler,1,1
1335,ELLIPSE,Meniskus,good,PseudoFehler,1,1
1338,ELLIPSE,Pin,THT Bauteil liegt nicht auf,THT Bauteil liegt nicht auf,0,0
1339,ELLIPSE,Pin,THT Bauteil liegt nicht auf,THT Bauteil liegt nicht auf,0,0
1340,ELLIPSE,Pin,THT Bauteil liegt nicht auf,THT Bauteil liegt nicht auf,0,0
1341,ELLIPSE,Pin,THT Bauteil liegt nicht auf,THT Bauteil liegt nicht auf,0,0
1342,ELLIPSE,Pin,THT Bauteil liegt nicht auf,THT Bauteil liegt nicht auf,0,0
1343,ELLIPSE,Pin,THT Bauteil liegt nicht auf,THT Bauteil liegt nicht auf,0,0
1344,ELLIPSE,Meniskus,THT Bauteil liegt nicht auf,THT Bauteil liegt nicht auf,0,0
1345,ELLIPSE,Pin,THT Bauteil liegt nicht auf,THT Bauteil liegt nicht auf,0,0
1346,ELLIPSE,Pin,THT Bauteil liegt nicht auf,THT Bauteil liegt nicht auf,0,0
1347,ELLIPSE,Pin,THT Bauteil liegt nicht auf,THT Bauteil liegt nicht auf,0,0
1348,ELLIPSE,Pin,THT Bauteil liegt nicht auf,THT Bauteil liegt nicht auf,0,0
1349,ELLIPSE,Meniskus,THT Bauteil liegt nicht auf,THT Bauteil liegt nicht auf,0,0
1350,ELLIPSE,Pin,THT Bauteil liegt nicht auf,THT Bauteil liegt nicht auf,0,0
1351,ELLIPSE,Pin,THT Bauteil liegt nicht auf,THT Bauteil liegt nicht auf,0,0
1352,ELLIPSE,Meniskus,THT Bauteil liegt nicht auf,THT Bauteil liegt nicht auf,0,0
1353,ELLIPSE,Pin,THT Bauteil liegt nicht auf,THT Bauteil liegt nicht auf,0,0
1354,ELLIPSE,Pin,THT Bauteil liegt nicht auf,THT Bauteil liegt nicht auf,0,0
1355,ELLIPSE,Meniskus,good,PseudoFehler,1,1
1358,ELLIPSE,Meniskus,good,PseudoFehler,1,1
1361,ELLIPSE,Meniskus,good,PseudoFehler,1,1
1365,ELLIPSE,Meniskus,good,PseudoFehler,1,1
1368,ELLIPSE,Lötung,good,PseudoFehler,1,1
1375,ELLIPSE,Lötung,THT Loetstelle offen,THT Loetstelle offen,0,0
1376,ELLIPSE,Meniskus,THT Loetstelle offen,THT Loetstelle offen,0,0
1377,ELLIPSE,Meniskus,THT Loetstelle offen,THT Loetstelle offen,0,0
1380,ELLIPSE,Meniskus,THT Loetstelle offen,THT Loetstelle offen,0,0
1387,ELLIPSE,Meniskus,good,PseudoFehler,1,1
1391,ELLIPSE,Meniskus,good,PseudoFehler,1,1
1395,ELLIPSE,Meniskus,THT Bauteil fehlt,THT Bauteil fehlt,0,0
1396,ELLIPSE,Meniskus,THT Bauteil fehlt,THT Bauteil fehlt,0,0
1397,ELLIPSE,Pin,THT Bauteil fehlt,THT Bauteil fehlt,0,0
1398,ELLIPSE,Meniskus,THT Bauteil fehlt,THT Bauteil fehlt,0,0
1399,ELLIPSE,Pin,THT Bauteil fehlt,THT Bauteil fehlt,0,0
1400,ELLIPSE,Pin,THT Bauteil fehlt,THT Bauteil fehlt,0,0
1401,ELLIPSE,Meniskus,THT Bauteil fehlt,THT Bauteil fehlt,0,0
1402,ELLIPSE,Pin,THT Bauteil fehlt,THT Bauteil fehlt,0,0
1403,ELLIPSE,Pin,THT Bauteil fehlt,THT Bauteil fehlt,0,0
1404,ELLIPSE,Pin,THT Bauteil fehlt,THT Bauteil fehlt,0,0
1405,ELLIPSE,Pin,THT Bauteil fehlt,THT Bauteil fehlt,0,0
1406,ELLIPSE,Pin,THT Bauteil fehlt,THT Bauteil fehlt,0,0
1407,ELLIPSE,Pin,THT Bauteil fehlt,THT Bauteil fehlt,0,0
1408,ELLIPSE,Pin,THT Bauteil fehlt,THT Bauteil fehlt,0,0
1409,ELLIPSE,Pin,THT Bauteil fehlt,THT Bauteil fehlt,0,0
1410,ELLIPSE,Pin,THT Bauteil fehlt,THT Bauteil fehlt,0,0
1415,ELLIPSE,Meniskus,THT Bauteil fehlt,THT Bauteil fehlt,0,0
1417,ELLIPSE,Meniskus,THT Bauteil fehlt,THT Bauteil fehlt,0,0
1418,ELLIPSE,Meniskus,THT Bauteil fehlt,THT Bauteil fehlt,0,0
1419,ELLIPSE,Pin,THT Bauteil fehlt,THT Bauteil fehlt,0,0
1420,ELLIPSE,Meniskus,THT Bauteil fehlt,THT Bauteil fehlt,0,0
1421,ELLIPSE,Pin,THT Bauteil fehlt,THT Bauteil fehlt,0,0
1425,ELLIPSE,Pin,good,PseudoFehler,1,1
1426,ELLIPSE,Meniskus,good,PseudoFehler,1,1
1429,ELLIPSE,Pin,good,PseudoFehler,1,1
1432,ELLIPSE,Pin,THT Bauteil liegt nicht auf,THT Bauteil liegt nicht auf,0,0
1433,ELLIPSE,Meniskus,THT Bauteil liegt nicht auf,THT Bauteil liegt nicht auf,0,0
1435,ELLIPSE,Pin,THT Bauteil liegt nicht auf,THT Bauteil liegt nicht auf,0,0
1440,ELLIPSE,Pin,good,PseudoFehler,1,1
1442,ELLIPSE,Pin,good,PseudoFehler,1,1
1445,ELLIPSE,Pin,good,PseudoFehler,1,1
1449,ELLIPSE,Pin,good,PseudoFehler,1,1
1453,ELLIPSE,Pin,THT Bauteil fehlt,THT Bauteil fehlt,0,0
1454,ELLIPSE,Pin,THT Bauteil fehlt,THT Bauteil fehlt,0,0
1456,ELLIPSE,Pin,THT Bauteil fehlt,THT Bauteil fehlt,0,0
1457,ELLIPSE,Pin,THT Bauteil fehlt,THT Bauteil fehlt,0,0
1458,ELLIPSE,Pin,THT Bauteil fehlt,THT Bauteil fehlt,0,0
1459,ELLIPSE,Pin,THT Bauteil fehlt,THT Bauteil fehlt,0,0
1461,ELLIPSE,Pin,THT Bauteil fehlt,THT Bauteil fehlt,0,0
1462,ELLIPSE,Pin,THT Bauteil fehlt,THT Bauteil fehlt,0,0
1466,ELLIPSE,Lötung,THT Bauteil liegt nicht auf,THT Bauteil liegt nicht auf,0,0
1467,ELLIPSE,Pin,THT Bauteil liegt nicht auf,THT Bauteil liegt nicht auf,0,0
1470,ELLIPSE,Pin,THT Bauteil liegt nicht auf,THT Bauteil liegt nicht auf,0,0
1475,ELLIPSE,Pin,THT Bauteil liegt nicht auf,THT Bauteil liegt nicht auf,0,0
1478,ELLIPSE,Pin,good,PseudoFehler,1,1
1481,ELLIPSE,Lötung,THT Loetstelle offen,THT Loetstelle offen,0,0
1482,ELLIPSE,Meniskus,THT Loetstelle offen,THT Loetstelle offen,0,0
1487,ELLIPSE,Lötung,THT Loetstelle offen,THT Loetstelle offen,0,0
1493,ELLIPSE,Pin,THT Loetstelle offen,THT Loetstelle offen,0,0
1494,ELLIPSE,Meniskus,THT Loetstelle offen,THT Loetstelle offen,0,0
1495,ELLIPSE,Meniskus,THT Loetstelle offen,THT Loetstelle offen,0,0
1500,ELLIPSE,Lötung,THT Loetstelle offen,THT Loetstelle offen,0,0
1501,ELLIPSE,Pin,THT Loetstelle offen,THT Loetstelle offen,0,0
1505,ELLIPSE,Meniskus,good,PseudoFehler,1,1
1507,ELLIPSE,Meniskus,good,PseudoFehler,1,1
1509,ELLIPSE,Meniskus,good,PseudoFehler,1,1
1513,ELLIPSE,Meniskus,good,PseudoFehler,1,1
1518,ELLIPSE,Meniskus,THT Bauteil liegt nicht auf,THT Bauteil liegt nicht auf,0,0
1522,ELLIPSE,Meniskus,THT Bauteil liegt nicht auf,THT Bauteil liegt nicht auf,0,0
1523,ELLIPSE,Pin,THT Bauteil liegt nicht auf,THT Bauteil liegt nicht auf,0,0
1524,ELLIPSE,Pin,THT Bauteil liegt nicht auf,THT Bauteil liegt nicht auf,0,0
1525,ELLIPSE,Meniskus,good,PseudoFehler,1,1
1529,ELLIPSE,Meniskus,THT Bauteil liegt nicht auf,THT Bauteil liegt nicht auf,0,0
1530,ELLIPSE,Pin,THT Bauteil liegt nicht auf,THT Bauteil liegt nicht auf,0,0
1534,ELLIPSE,Meniskus,THT Bauteil liegt nicht auf,THT Bauteil liegt nicht auf,0,0
1537,ELLIPSE,Meniskus,good,PseudoFehler,1,1
1543,ELLIPSE,Meniskus,THT Loetstelle offen,THT Loetstelle offen,0,0
1544,ELLIPSE,Meniskus,THT Loetstelle offen,THT Loetstelle offen,0,0
1554,ELLIPSE,Meniskus,THT Loetstelle offen,THT Loetstelle offen,0,0
1559,ELLIPSE,Meniskus,THT Loetstelle offen,THT Loetstelle offen,0,0
1560,ELLIPSE,Lötung,THT Loetstelle offen,THT Loetstelle offen,0,0
1561,ELLIPSE,Meniskus,THT Loetstelle offen,THT Loetstelle offen,0,0
1563,ELLIPSE,Meniskus,THT Loetstelle offen,THT Loetstelle offen,0,0
1569,ELLIPSE,Meniskus,THT Loetstelle offen,THT Loetstelle offen,0,0
1571,ELLIPSE,Pin,good,PseudoFehler,1,1
1581,ELLIPSE,Meniskus,good,PseudoFehler,1,1
1582,ELLIPSE,Pin,good,PseudoFehler,1,1
1584,ELLIPSE,Pin,good,PseudoFehler,1,1
1585,ELLIPSE,Meniskus,good,PseudoFehler,1,1
1586,ELLIPSE,Pin,good,PseudoFehler,1,1
1587,ELLIPSE,Pin,good,PseudoFehler,1,1
1588,ELLIPSE,Pin,good,PseudoFehler,1,1
1589,ELLIPSE,Pin,good,PseudoFehler,1,1
1590,ELLIPSE,Pin,good,PseudoFehler,1,1
1591,ELLIPSE,Pin,good,PseudoFehler,1,1
1592,ELLIPSE,Pin,good,PseudoFehler,1,1
1593,ELLIPSE,Pin,good,PseudoFehler,1,1
1594,ELLIPSE,Pin,good,PseudoFehler,1,1
1595,ELLIPSE,Pin,good,PseudoFehler,1,1
1596,ELLIPSE,Pin,good,PseudoFehler,1,1
1598,ELLIPSE,Pin,good,PseudoFehler,1,1
1600,ELLIPSE,Pin,good,PseudoFehler,1,1
1603,ELLIPSE,Pin,good,PseudoFehler,1,1
1605,ELLIPSE,Pin,good,PseudoFehler,1,1
1607,ELLIPSE,Pin,good,PseudoFehler,1,1
1608,ELLIPSE,Pin,good,PseudoFehler,1,1
1609,ELLIPSE,Pin,good,PseudoFehler,1,1
1610,ELLIPSE,Pin,good,PseudoFehler,1,1
1611,ELLIPSE,Pin,good,PseudoFehler,1,1
1612,ELLIPSE,Pin,good,PseudoFehler,1,1
1613,ELLIPSE,Pin,good,PseudoFehler,1,1
1614,ELLIPSE,Pin,good,PseudoFehler,1,1
1615,ELLIPSE,Pin,good,PseudoFehler,1,1
1616,ELLIPSE,Pin,good,PseudoFehler,1,1
1617,ELLIPSE,Pin,good,PseudoFehler,1,1
1618,ELLIPSE,Pin,good,PseudoFehler,1,1
1619,ELLIPSE,Pin,good,PseudoFehler,1,1
1622,ELLIPSE,Pin,good,PseudoFehler,1,1
1625,ELLIPSE,Pin,good,PseudoFehler,1,1
1627,ELLIPSE,Meniskus,THT Loetstelle offen,THT Loetstelle offen,0,0
1628,ELLIPSE,Lötung,THT Loetstelle offen,THT Loetstelle offen,0,0
1629,ELLIPSE,Lötung,THT Loetstelle offen,THT Loetstelle offen,0,0
1630,ELLIPSE,Meniskus,THT Loetstelle offen,THT Loetstelle offen,0,0
1635,ELLIPSE,Pin,good,PseudoFehler,1,1
1641,ELLIPSE,Lötung,THT Loetstelle offen,THT Loetstelle offen,0,0
1642,ELLIPSE,Lötung,THT Loetstelle offen,THT Loetstelle offen,0,0
1643,ELLIPSE,Meniskus,THT Loetstelle offen,THT Loetstelle offen,0,0
1648,ELLIPSE,Meniskus,THT Loetstelle offen,THT Loetstelle offen,0,0
1655,ELLIPSE,Lötung,THT Loetstelle offen,THT Loetstelle offen,0,0
1656,ELLIPSE,Meniskus,THT Loetstelle offen,THT Loetstelle offen,0,0
1657,ELLIPSE,Lötung,THT Loetstelle offen,THT Loetstelle offen,0,0
1658,ELLIPSE,Lötung,THT Loetstelle offen,THT Loetstelle offen,0,0
1659,ELLIPSE,Meniskus,THT Loetstelle offen,THT Loetstelle offen,0,0
1666,ELLIPSE,Meniskus,THT Loetstelle offen,THT Loetstelle offen,0,0
1667,ELLIPSE,Lötung,THT Loetstelle offen,THT Loetstelle offen,0,0
1668,ELLIPSE,Lötung,THT Loetstelle offen,THT Loetstelle offen,0,0
1669,ELLIPSE,Lötung,THT Loetstelle offen,THT Loetstelle offen,0,0
1670,ELLIPSE,Lötung,THT Loetstelle offen,THT Loetstelle offen,0,0
1671,ELLIPSE,Meniskus,THT Loetstelle offen,THT Loetstelle offen,0,0
1672,ELLIPSE,Lötung,THT Loetstelle offen,THT Loetstelle offen,0,0
1673,ELLIPSE,Meniskus,THT Loetstelle offen,THT Loetstelle offen,0,0
1674,ELLIPSE,Meniskus,THT Loetstelle offen,THT Loetstelle offen,0,0
1675,ELLIPSE,Lötung,THT Loetstelle offen,THT Loetstelle offen,0,0
1676,ELLIPSE,Lötung,THT Loetstelle offen,THT Loetstelle offen,0,0
1677,ELLIPSE,Lötung,THT Loetstelle offen,THT Loetstelle offen,0,0
1678,ELLIPSE,Lötung,THT Loetstelle offen,THT Loetstelle offen,0,0
1679,ELLIPSE,Pin,THT Loetstelle offen,THT Loetstelle offen,0,0
1680,ELLIPSE,Lötung,THT Loetstelle offen,THT Loetstelle offen,0,0
1681,ELLIPSE,Meniskus,THT Loetstelle offen,THT Loetstelle offen,0,0
1682,ELLIPSE,Lötung,THT Loetstelle offen,THT Loetstelle offen,0,0
1683,ELLIPSE,Lötung,THT Loetstelle offen,THT Loetstelle offen,0,0
1685,ELLIPSE,Meniskus,THT Loetstelle offen,THT Loetstelle offen,0,0
1686,ELLIPSE,Pin,THT Loetstelle offen,THT Loetstelle offen,0,0
1687,ELLIPSE,Pin,THT Loetstelle offen,THT Loetstelle offen,0,0
1688,ELLIPSE,Pin,THT Loetstelle offen,THT Loetstelle offen,0,0
1689,ELLIPSE,Meniskus,THT Loetstelle offen,THT Loetstelle offen,0,0
1690,ELLIPSE,Meniskus,THT Loetstelle offen,THT Loetstelle offen,0,0
1691,ELLIPSE,Pin,THT Loetstelle offen,THT Loetstelle offen,0,0
1692,ELLIPSE,Meniskus,THT Loetstelle offen,THT Loetstelle offen,0,0
1696,ELLIPSE,Lötung,THT Loetstelle offen,THT Loetstelle offen,0,0
1697,ELLIPSE,Lötung,THT Loetstelle offen,THT Loetstelle offen,0,0
1698,ELLIPSE,Lötung,THT Loetstelle offen,THT Loetstelle offen,0,0
1699,ELLIPSE,Meniskus,good,PseudoFehler,1,1
1703,ELLIPSE,Pin,THT Bauteil fehlt,THT Bauteil fehlt,0,0
1704,ELLIPSE,Pin,THT Bauteil fehlt,THT Bauteil fehlt,0,0
1706,ELLIPSE,Meniskus,THT Bauteil fehlt,THT Bauteil fehlt,0,0
1707,ELLIPSE,Pin,THT Bauteil fehlt,THT Bauteil fehlt,0,0
1708,ELLIPSE,Meniskus,THT Bauteil fehlt,THT Bauteil fehlt,0,0
1709,ELLIPSE,Pin,THT Bauteil fehlt,THT Bauteil fehlt,0,0
1710,ELLIPSE,Meniskus,THT Bauteil fehlt,THT Bauteil fehlt,0,0
1711,ELLIPSE,Meniskus,THT Bauteil fehlt,THT Bauteil fehlt,0,0
1712,ELLIPSE,Pin,THT Bauteil fehlt,THT Bauteil fehlt,0,0
1714,ELLIPSE,Pin,THT Bauteil fehlt,THT Bauteil fehlt,0,0
1715,ELLIPSE,Meniskus,THT Bauteil fehlt,THT Bauteil fehlt,0,0
1716,ELLIPSE,Pin,THT Bauteil fehlt,THT Bauteil fehlt,0,0
1717,ELLIPSE,Pin,THT Bauteil fehlt,THT Bauteil fehlt,0,0
1718,ELLIPSE,Meniskus,THT Bauteil fehlt,THT Bauteil fehlt,0,0
1722,ELLIPSE,Meniskus,good,PseudoFehler,1,1
1724,ELLIPSE,Pin,THT Bauteil fehlt,THT Bauteil fehlt,0,0
1725,ELLIPSE,Pin,THT Bauteil fehlt,THT Bauteil fehlt,0,0
1731,ELLIPSE,Meniskus,THT Bauteil fehlt,THT Bauteil fehlt,0,0
1732,ELLIPSE,Meniskus,THT Bauteil fehlt,THT Bauteil fehlt,0,0
1737,ELLIPSE,Meniskus,good,PseudoFehler,1,1
1738,ELLIPSE,Meniskus,THT Bauteil liegt nicht auf,THT Bauteil liegt nicht auf,0,0
1739,ELLIPSE,Lötung,THT Bauteil liegt nicht auf,THT Bauteil liegt nicht auf,0,0
1740,ELLIPSE,Lötung,THT Bauteil liegt nicht auf,THT Bauteil liegt nicht auf,0,0
1741,ELLIPSE,Meniskus,THT Bauteil liegt nicht auf,THT Bauteil liegt nicht auf,0,0
1743,ELLIPSE,Pin,THT Bauteil liegt nicht auf,THT Bauteil liegt nicht auf,0,0
1744,ELLIPSE,Meniskus,THT Bauteil liegt nicht auf,THT Bauteil liegt nicht auf,0,0
1745,ELLIPSE,Meniskus,THT Bauteil liegt nicht auf,THT Bauteil liegt nicht auf,0,0
1748,ELLIPSE,Pin,THT Bauteil fehlt,THT Bauteil fehlt,0,0
1753,ELLIPSE,Meniskus,good,PseudoFehler,1,1
1755,ELLIPSE,Meniskus,good,PseudoFehler,1,1
1760,ELLIPSE,Meniskus,good,PseudoFehler,1,1
1763,ELLIPSE,Meniskus,good,PseudoFehler,1,1
1765,ELLIPSE,Pin,good,PseudoFehler,1,1
1767,ELLIPSE,Meniskus,good,PseudoFehler,1,1
1770,ELLIPSE,Pin,good,PseudoFehler,1,1
1781,ELLIPSE,Pin,good,PseudoFehler,1,1
1787,ELLIPSE,Pin,good,PseudoFehler,1,1
1793,ELLIPSE,Pin,good,PseudoFehler,1,1
1797,ELLIPSE,Pin,good,PseudoFehler,1,1
1800,ELLIPSE,Pin,good,PseudoFehler,1,1
1806,ELLIPSE,Pin,good,PseudoFehler,1,1
1812,ELLIPSE,Pin,good,PseudoFehler,1,1
1818,ELLIPSE,Pin,good,PseudoFehler,1,1
1819,ELLIPSE,Klemmträger verlötet,good,PseudoFehler,1,1
1825,ELLIPSE,Pin,good,PseudoFehler,1,1
1836,ELLIPSE,Pin,good,PseudoFehler,1,1
1840,ELLIPSE,Pin,good,PseudoFehler,1,1
1848,ELLIPSE,Pin,good,PseudoFehler,1,1
1849,ELLIPSE,Pin,good,PseudoFehler,1,1
1856,ELLIPSE,Pin,good,PseudoFehler,1,1
1861,ELLIPSE,Pin,good,PseudoFehler,1,1
1868,ELLIPSE,Pin,good,PseudoFehler,1,1
1878,ELLIPSE,Pin,good,PseudoFehler,1,1
1879,ELLIPSE,Pin,good,PseudoFehler,1,1
1890,ELLIPSE,Klemmträger verlötet,good,PseudoFehler,1,1
1893,ELLIPSE,Klemmträger verlötet,good,PseudoFehler,1,1
1899,ELLIPSE,Klemmträger verlötet,good,PseudoFehler,1,1
1900,ELLIPSE,Pin,good,PseudoFehler,1,1
1904,ELLIPSE,Pin,good,PseudoFehler,1,1
1910,ELLIPSE,Klemmträger verlötet,good,PseudoFehler,1,1
1915,ELLIPSE,Klemmträger verlötet,good,PseudoFehler,1,1
1917,ELLIPSE,Klemmträger verlötet,good,PseudoFehler,1,1
1925,ELLIPSE,Klemmträger verlötet,good,PseudoFehler,1,1
1930,ELLIPSE,Klemmträger verlötet,good,PseudoFehler,1,1
1931,ELLIPSE,Pin,good,PseudoFehler,1,1
1936,ELLIPSE,Klemmträger verlötet,good,PseudoFehler,1,1
1947,ELLIPSE,Klemmträger verlötet,good,PseudoFehler,1,1
1949,ELLIPSE,Pin,good,PseudoFehler,1,1
1950,ELLIPSE,Pin,good,PseudoFehler,1,1
1951,ELLIPSE,Klemmträger verlötet,good,PseudoFehler,1,1
1961,ELLIPSE,Pin,good,PseudoFehler,1,1
1967,ELLIPSE,Klemmträger verlötet,good,PseudoFehler,1,1
1972,ELLIPSE,Pin,good,PseudoFehler,1,1
1974,ELLIPSE,Klemmträger verlötet,good,PseudoFehler,1,1
1985,ELLIPSE,Pin,good,PseudoFehler,1,1
1986,ELLIPSE,Pin,good,PseudoFehler,1,1
1995,ELLIPSE,Pin,good,PseudoFehler,1,1
1998,ELLIPSE,Klemmträger verlötet,good,PseudoFehler,1,1
2005,ELLIPSE,Klemmträger verlötet,good,PseudoFehler,1,1
2015,ELLIPSE,Klemmträger verlötet,good,PseudoFehler,1,1
2017,ELLIPSE,Klemmträger verlötet,good,PseudoFehler,1,1
2023,ELLIPSE,Pin,good,PseudoFehler,1,1
2026,ELLIPSE,Pin,good,PseudoFehler,1,1
2034,ELLIPSE,Pin,good,PseudoFehler,1,1
2038,ELLIPSE,Klemmträger verlötet,good,PseudoFehler,1,1
2039,ELLIPSE,Pin,good,PseudoFehler,1,1
2046,ELLIPSE,Klemmträger verlötet,good,PseudoFehler,1,1
2047,ELLIPSE,Klemmträger verlötet,good,PseudoFehler,1,1
2049,ELLIPSE,Klemmträger verlötet,good,PseudoFehler,1,1
2055,ELLIPSE,Klemmträger verlötet,good,PseudoFehler,1,1
2061,ELLIPSE,Klemmträger verlötet,good,PseudoFehler,1,1
2067,ELLIPSE,Pin,good,PseudoFehler,1,1
2073,ELLIPSE,Klemmträger verlötet,good,PseudoFehler,1,1
2080,ELLIPSE,Klemmträger verlötet,good,PseudoFehler,1,1
2081,ELLIPSE,Pin,good,PseudoFehler,1,1
2091,ELLIPSE,Klemmträger verlötet,good,PseudoFehler,1,1
2097,ELLIPSE,Pin,good,PseudoFehler,1,1
2098,ELLIPSE,Pin,good,PseudoFehler,1,1
2101,ELLIPSE,Pin,good,PseudoFehler,1,1
2110,ELLIPSE,Klemmträger verlötet,good,PseudoFehler,1,1
2115,ELLIPSE,Klemmträger verlötet,good,PseudoFehler,1,1
2118,ELLIPSE,Klemmträger verlötet,good,PseudoFehler,1,1
2119,ELLIPSE,Klemmträger verlötet,good,PseudoFehler,1,1
2129,ELLIPSE,Klemmträger verlötet,good,PseudoFehler,1,1
2132,ELLIPSE,Klemmträger verlötet,good,PseudoFehler,1,1
2133,ELLIPSE,Klemmträger verlötet,good,PseudoFehler,1,1
2140,ELLIPSE,Pin,good,PseudoFehler,1,1
2141,ELLIPSE,Pin,good,PseudoFehler,1,1
2148,ELLIPSE,Pin,good,PseudoFehler,1,1
2149,ELLIPSE,Klemmträger verlötet,good,PseudoFehler,1,1
2155,ELLIPSE,Pin,good,PseudoFehler,1,1
2157,ELLIPSE,Pin,good,PseudoFehler,1,1
2161,ELLIPSE,Pin,good,PseudoFehler,1,1
2162,ELLIPSE,Klemmträger verlötet,good,PseudoFehler,1,1
2165,ELLIPSE,Klemmträger verlötet,good,PseudoFehler,1,1
2171,ELLIPSE,Pin,good,PseudoFehler,1,1
2172,ELLIPSE,Klemmträger verlötet,good,PseudoFehler,1,1
2179,ELLIPSE,Pin,good,PseudoFehler,1,1
2180,ELLIPSE,Pin,good,PseudoFehler,1,1
2181,ELLIPSE,Klemmträger verlötet,good,PseudoFehler,1,1
2187,ELLIPSE,Pin,good,PseudoFehler,1,1
2194,ELLIPSE,Pin,good,PseudoFehler,1,1
2197,ELLIPSE,Pin,good,PseudoFehler,1,1
2199,ELLIPSE,Pin,good,PseudoFehler,1,1
2208,ELLIPSE,Pin,good,PseudoFehler,1,1
2210,ELLIPSE,Pin,good,PseudoFehler,1,1
2213,ELLIPSE,Pin,good,PseudoFehler,1,1
2218,ELLIPSE,Pin,good,PseudoFehler,1,1
2227,ELLIPSE,Pin,good,PseudoFehler,1,1
2228,ELLIPSE,Pin,good,PseudoFehler,1,1
2235,ELLIPSE,Klemmträger verlötet,good,PseudoFehler,1,1
2239,ELLIPSE,Klemmträger verlötet,good,PseudoFehler,1,1
2243,ELLIPSE,Pin,good,PseudoFehler,1,1
2249,ELLIPSE,Klemmträger verlötet,good,PseudoFehler,1,1
2255,ELLIPSE,Pin,good,PseudoFehler,1,1
2256,ELLIPSE,Pin,good,PseudoFehler,1,1
2263,ELLIPSE,Pin,good,PseudoFehler,1,1
2273,ELLIPSE,Klemmträger verlötet,good,PseudoFehler,1,1
2278,ELLIPSE,Pin,good,PseudoFehler,1,1
2280,ELLIPSE,Pin,good,PseudoFehler,1,1
2286,ELLIPSE,Pin,good,PseudoFehler,1,1
2288,ELLIPSE,Klemmträger verlötet,good,PseudoFehler,1,1
2296,ELLIPSE,Pin,good,PseudoFehler,1,1
2297,ELLIPSE,Klemmträger verlötet,good,PseudoFehler,1,1
2300,ELLIPSE,Pin,good,PseudoFehler,1,1
2306,ELLIPSE,Klemmträger verlötet,good,PseudoFehler,1,1
2312,ELLIPSE,Pin,good,PseudoFehler,1,1
2319,ELLIPSE,Klemmträger verlötet,good,PseudoFehler,1,1
2329,ELLIPSE,Pin,good,PseudoFehler,1,1
2332,ELLIPSE,Klemmträger verlötet,good,PseudoFehler,1,1
2339,ELLIPSE,Pin,good,PseudoFehler,1,1
2344,ELLIPSE,Pin,good,PseudoFehler,1,1
2351,ELLIPSE,Pin,good,PseudoFehler,1,1
2357,ELLIPSE,Pin,good,PseudoFehler,1,1
2360,ELLIPSE,Pin,good,PseudoFehler,1,1
2366,ELLIPSE,Pin,good,PseudoFehler,1,1
2377,ELLIPSE,Pin,good,PseudoFehler,1,1
2382,ELLIPSE,Pin,good,PseudoFehler,1,1
2384,ELLIPSE,Pin,good,PseudoFehler,1,1
2395,ELLIPSE,Pin,good,PseudoFehler,1,1
2401,ELLIPSE,Pin,good,PseudoFehler,1,1
2407,ELLIPSE,Pin,good,PseudoFehler,1,1
2411,ELLIPSE,Pin,good,PseudoFehler,1,1
2415,ELLIPSE,Pin,good,PseudoFehler,1,1
2416,ELLIPSE,Pin,good,PseudoFehler,1,1
2417,ELLIPSE,Lötung,good,PseudoFehler,1,1
2418,ELLIPSE,Lötung,good,PseudoFehler,1,1
2419,ELLIPSE,Lötung,good,PseudoFehler,1,1
2420,ELLIPSE,Pin,good,PseudoFehler,1,1
2425,ELLIPSE,Meniskus,good,PseudoFehler,1,1
2426,ELLIPSE,Lötung,good,PseudoFehler,1,1
2427,ELLIPSE,Lötung,good,PseudoFehler,1,1
2433,ELLIPSE,Pin,good,PseudoFehler,1,1
2434,ELLIPSE,Pin,good,PseudoFehler,1,1
2435,ELLIPSE,Pin,good,PseudoFehler,1,1
2436,ELLIPSE,Meniskus,good,PseudoFehler,1,1
2437,ELLIPSE,Pin,good,PseudoFehler,1,1
2438,ELLIPSE,Pin,good,PseudoFehler,1,1
2448,ELLIPSE,Pin,good,PseudoFehler,1,1
2454,ELLIPSE,Klemmträger verlötet,good,PseudoFehler,1,1
2460,ELLIPSE,Pin,good,PseudoFehler,1,1
2467,ELLIPSE,Pin,good,PseudoFehler,1,1
2468,ELLIPSE,Pin,good,PseudoFehler,1,1
2473,ELLIPSE,Pin,good,PseudoFehler,1,1
2478,ELLIPSE,Pin,good,PseudoFehler,1,1
2481,ELLIPSE,Pin,good,PseudoFehler,1,1
2484,ELLIPSE,Pin,good,PseudoFehler,1,1
2493,ELLIPSE,Klemmträger verlötet,good,PseudoFehler,1,1
2497,ELLIPSE,Lötung,good,PseudoFehler,1,1
2500,ELLIPSE,Pin,good,PseudoFehler,1,1
2506,ELLIPSE,Pin,good,PseudoFehler,1,1
2517,ELLIPSE,Pin,good,PseudoFehler,1,1
2519,ELLIPSE,Pin,good,PseudoFehler,1,1
2529,ELLIPSE,Pin,good,PseudoFehler,1,1
2530,ELLIPSE,Pin,good,PseudoFehler,1,1
2536,ELLIPSE,Pin,good,PseudoFehler,1,1
2544,ELLIPSE,Pin,good,PseudoFehler,1,1
2548,ELLIPSE,Pin,good,PseudoFehler,1,1
2555,ELLIPSE,Klemmträger verlötet,good,PseudoFehler,1,1
2564,ELLIPSE,Pin,good,PseudoFehler,1,1
2570,ELLIPSE,Pin,good,PseudoFehler,1,1
2577,ELLIPSE,Pin,good,PseudoFehler,1,1
2578,ELLIPSE,Pin,good,PseudoFehler,1,1
2588,ELLIPSE,Pin,good,PseudoFehler,1,1
2594,ELLIPSE,Pin,good,PseudoFehler,1,1
2601,ELLIPSE,Pin,good,PseudoFehler,1,1
2602,ELLIPSE,Pin,good,PseudoFehler,1,1
2611,ELLIPSE,Pin,good,PseudoFehler,1,1
2614,ELLIPSE,Meniskus,good,PseudoFehler,1,1
2624,ELLIPSE,Meniskus,good,PseudoFehler,1,1
2630,ELLIPSE,Meniskus,good,PseudoFehler,1,1
2636,ELLIPSE,Lötung,good,PseudoFehler,1,1
2642,ELLIPSE,Meniskus,THT Bauteil versetzt,THT Bauteil versetzt,0,0
2647,ELLIPSE,Meniskus,good,PseudoFehler,1,1
2648,ELLIPSE,Meniskus,good,PseudoFehler,1,1
2652,ELLIPSE,Meniskus,good,PseudoFehler,1,1
2656,ELLIPSE,Meniskus,good,PseudoFehler,1,1
2659,ELLIPSE,Meniskus,good,PseudoFehler,1,1
2664,ELLIPSE,Meniskus,good,PseudoFehler,1,1
2667,ELLIPSE,Pin,THT Bauteil fehlt,THT Bauteil fehlt,0,0
2670,ELLIPSE,Meniskus,good,PseudoFehler,1,1
2674,ELLIPSE,Pin,THT Bauteil fehlt,THT Bauteil fehlt,0,0
2677,ELLIPSE,Meniskus,good,PseudoFehler,1,1
2681,ELLIPSE,Lötung,good,PseudoFehler,1,1
2684,ELLIPSE,Lötung,THT Loetstelle offen,THT Loetstelle offen,0,0
2685,ELLIPSE,Pin,good,PseudoFehler,1,1
2686,ELLIPSE,Lötung,good,PseudoFehler,1,1
2687,ELLIPSE,Lötung,good,PseudoFehler,1,1
2688,ELLIPSE,Pin,good,PseudoFehler,1,1
2689,ELLIPSE,Meniskus,good,PseudoFehler,1,1
2690,ELLIPSE,Pin,good,PseudoFehler,1,1
2691,ELLIPSE,Meniskus,good,PseudoFehler,1,1
2692,ELLIPSE,Meniskus,good,PseudoFehler,1,1
2696,ELLIPSE,Meniskus,good,PseudoFehler,1,1
2698,ELLIPSE,Meniskus,good,PseudoFehler,1,1
2702,ELLIPSE,Meniskus,THT Loetstelle offen,THT Loetstelle offen,0,0
2703,ELLIPSE,Lötung,THT Loetstelle offen,THT Loetstelle offen,0,0
2704,ELLIPSE,Meniskus,THT Loetstelle offen,THT Loetstelle offen,0,0
2705,ELLIPSE,Meniskus,THT Loetstelle offen,THT Loetstelle offen,0,0
2706,ELLIPSE,Lötung,THT Loetstelle offen,THT Loetstelle offen,0,0
2710,ELLIPSE,Lötung,THT Loetstelle offen,THT Loetstelle offen,0,0
2711,ELLIPSE,Meniskus,THT Bauteil fehlt,THT Bauteil fehlt,0,0
2712,ELLIPSE,Pin,THT Bauteil fehlt,THT Bauteil fehlt,0,0
2713,ELLIPSE,Meniskus,THT Bauteil fehlt,THT Bauteil fehlt,0,0
2714,ELLIPSE,Pin,THT Bauteil fehlt,THT Bauteil fehlt,0,0
2715,ELLIPSE,Meniskus,THT Bauteil fehlt,THT Bauteil fehlt,0,0
2716,ELLIPSE,Pin,THT Bauteil fehlt,THT Bauteil fehlt,0,0
2717,ELLIPSE,Meniskus,THT Bauteil fehlt,THT Bauteil fehlt,0,0
2718,ELLIPSE,Pin,THT Bauteil fehlt,THT Bauteil fehlt,0,0
2719,ELLIPSE,Pin,THT Bauteil fehlt,THT Bauteil fehlt,0,0
2720,ELLIPSE,Meniskus,THT Bauteil fehlt,THT Bauteil fehlt,0,0
2721,ELLIPSE,Meniskus,THT Bauteil fehlt,THT Bauteil fehlt,0,0
2722,ELLIPSE,Pin,THT Bauteil fehlt,THT Bauteil fehlt,0,0
2723,ELLIPSE,Meniskus,THT Bauteil fehlt,THT Bauteil fehlt,0,0
2724,ELLIPSE,Meniskus,THT Bauteil fehlt,THT Bauteil fehlt,0,0
2725,ELLIPSE,Pin,THT Bauteil fehlt,THT Bauteil fehlt,0,0
2726,ELLIPSE,Pin,THT Bauteil fehlt,THT Bauteil fehlt,0,0
2728,ELLIPSE,Pin,THT Bauteil fehlt,THT Bauteil fehlt,0,0
2729,ELLIPSE,Lötung,THT Bauteil fehlt,THT Bauteil fehlt,0,0
2730,ELLIPSE,Lötung,THT Bauteil fehlt,THT Bauteil fehlt,0,0
2731,ELLIPSE,Lötung,THT Bauteil fehlt,THT Bauteil fehlt,0,0
2732,ELLIPSE,Lötung,THT Bauteil fehlt,THT Bauteil fehlt,0,0
2733,ELLIPSE,Lötung,THT Bauteil fehlt,THT Bauteil fehlt,0,0
2734,ELLIPSE,Lötung,THT Bauteil fehlt,THT Bauteil fehlt,0,0
2735,ELLIPSE,Lötung,THT Bauteil fehlt,THT Bauteil fehlt,0,0
2736,ELLIPSE,Lötung,THT Bauteil fehlt,THT Bauteil fehlt,0,0
2737,ELLIPSE,Lötung,THT Bauteil fehlt,THT Bauteil fehlt,0,0
2738,ELLIPSE,Lötung,THT Bauteil fehlt,THT Bauteil fehlt,0,0
2739,ELLIPSE,Lötung,THT Bauteil fehlt,THT Bauteil fehlt,0,0
2740,ELLIPSE,Lötung,THT Bauteil fehlt,THT Bauteil fehlt,0,0
2741,ELLIPSE,Lötung,THT Bauteil fehlt,THT Bauteil fehlt,0,0
2742,ELLIPSE,Pin,THT Bauteil fehlt,THT Bauteil fehlt,0,0
2743,ELLIPSE,Pin,THT Bauteil fehlt,THT Bauteil fehlt,0,0
2744,ELLIPSE,Meniskus,THT Bauteil fehlt,THT Bauteil fehlt,0,0
2745,ELLIPSE,Lötung,THT Bauteil fehlt,THT Bauteil fehlt,0,0
2746,ELLIPSE,Meniskus,THT Bauteil fehlt,THT Bauteil fehlt,0,0
2747,ELLIPSE,Meniskus,THT Bauteil fehlt,THT Bauteil fehlt,0,0
2748,ELLIPSE,Pin,THT Bauteil fehlt,THT Bauteil fehlt,0,0
2749,ELLIPSE,Meniskus,THT Bauteil fehlt,THT Bauteil fehlt,0,0
2750,ELLIPSE,Pin,THT Bauteil fehlt,THT Bauteil fehlt,0,0
2751,ELLIPSE,Meniskus,THT Bauteil fehlt,THT Bauteil fehlt,0,0
2752,ELLIPSE,Pin,THT Bauteil fehlt,THT Bauteil fehlt,0,0
2753,ELLIPSE,Meniskus,THT Bauteil fehlt,THT Bauteil fehlt,0,0
2754,ELLIPSE,Pin,THT Bauteil fehlt,THT Bauteil fehlt,0,0
2755,ELLIPSE,Meniskus,THT Bauteil fehlt,THT Bauteil fehlt,0,0
2756,ELLIPSE,Pin,THT Bauteil fehlt,THT Bauteil fehlt,0,0
2757,ELLIPSE,Meniskus,THT Bauteil fehlt,THT Bauteil fehlt,0,0
2758,ELLIPSE,Pin,THT Bauteil fehlt,THT Bauteil fehlt,0,0
2759,ELLIPSE,Pin,THT Bauteil fehlt,THT Bauteil fehlt,0,0
2760,ELLIPSE,Meniskus,THT Bauteil fehlt,THT Bauteil fehlt,0,0
2761,ELLIPSE,Meniskus,THT Bauteil fehlt,THT Bauteil fehlt,0,0
2762,ELLIPSE,Pin,THT Bauteil fehlt,THT Bauteil fehlt,0,0
2763,ELLIPSE,Meniskus,THT Bauteil fehlt,THT Bauteil fehlt,0,0
2764,ELLIPSE,Pin,THT Bauteil fehlt,THT Bauteil fehlt,0,0
2765,ELLIPSE,Meniskus,THT Bauteil fehlt,THT Bauteil fehlt,0,0
2766,ELLIPSE,Lötung,THT Bauteil fehlt,THT Bauteil fehlt,0,0
2767,ELLIPSE,Lötung,THT Bauteil fehlt,THT Bauteil fehlt,0,0
2768,ELLIPSE,Pin,THT Bauteil fehlt,THT Bauteil fehlt,0,0
2769,ELLIPSE,Pin,THT Bauteil fehlt,THT Bauteil fehlt,0,0
2770,ELLIPSE,Pin,THT Bauteil fehlt,THT Bauteil fehlt,0,0
2771,ELLIPSE,Meniskus,THT Bauteil fehlt,THT Bauteil fehlt,0,0
2772,ELLIPSE,Meniskus,THT Bauteil fehlt,THT Bauteil fehlt,0,0
2773,ELLIPSE,Pin,THT Bauteil fehlt,THT Bauteil fehlt,0,0
2774,ELLIPSE,Meniskus,THT Bauteil fehlt,THT Bauteil fehlt,0,0
2775,ELLIPSE,Meniskus,THT Bauteil fehlt,THT Bauteil fehlt,0,0
2776,ELLIPSE,Meniskus,THT Bauteil fehlt,THT Bauteil fehlt,0,0
2777,ELLIPSE,Pin,THT Bauteil fehlt,THT Bauteil fehlt,0,0
2778,ELLIPSE,Meniskus,THT Bauteil fehlt,THT Bauteil fehlt,0,0
2779,ELLIPSE,Pin,THT Bauteil fehlt,THT Bauteil fehlt,0,0
2780,ELLIPSE,Meniskus,THT Bauteil fehlt,THT Bauteil fehlt,0,0
2781,ELLIPSE,Pin,THT Bauteil fehlt,THT Bauteil fehlt,0,0
2782,ELLIPSE,Meniskus,THT Bauteil fehlt,THT Bauteil fehlt,0,0
2783,ELLIPSE,Lötung,THT Bauteil fehlt,THT Bauteil fehlt,0,0
2784,ELLIPSE,Lötung,THT Bauteil fehlt,THT Bauteil fehlt,0,0
2785,ELLIPSE,Lötung,THT Bauteil fehlt,THT Bauteil fehlt,0,0
2786,ELLIPSE,Lötung,THT Bauteil fehlt,THT Bauteil fehlt,0,0
2787,ELLIPSE,Lötung,THT Bauteil fehlt,THT Bauteil fehlt,0,0
2788,ELLIPSE,Lötung,THT Bauteil fehlt,THT Bauteil fehlt,0,0
2789,ELLIPSE,Pin,THT Bauteil fehlt,THT Bauteil fehlt,0,0
2790,ELLIPSE,Lötung,THT Bauteil fehlt,THT Bauteil fehlt,0,0
2791,ELLIPSE,Lötung,THT Bauteil fehlt,THT Bauteil fehlt,0,0
2792,ELLIPSE,Pin,THT Bauteil fehlt,THT Bauteil fehlt,0,0
2793,ELLIPSE,Meniskus,THT Bauteil fehlt,THT Bauteil fehlt,0,0
2794,ELLIPSE,Pin,THT Bauteil fehlt,THT Bauteil fehlt,0,0
2795,ELLIPSE,Meniskus,THT Bauteil fehlt,THT Bauteil fehlt,0,0
2796,ELLIPSE,Meniskus,THT Bauteil fehlt,THT Bauteil fehlt,0,0
2797,ELLIPSE,Lötung,THT Bauteil fehlt,THT Bauteil fehlt,0,0
2798,ELLIPSE,Pin,THT Bauteil fehlt,THT Bauteil fehlt,0,0
2799,ELLIPSE,Lötung,THT Bauteil fehlt,THT Bauteil fehlt,0,0
2800,ELLIPSE,Lötung,THT Bauteil fehlt,THT Bauteil fehlt,0,0
2801,ELLIPSE,Lötung,THT Bauteil fehlt,THT Bauteil fehlt,0,0
2802,ELLIPSE,Lötung,THT Bauteil fehlt,THT Bauteil fehlt,0,0
2803,ELLIPSE,Lötung,THT Bauteil fehlt,THT Bauteil fehlt,0,0
2807,ELLIPSE,Pin,THT Bauteil liegt nicht auf,THT Bauteil liegt nicht auf,0,0
2808,ELLIPSE,Meniskus,THT Bauteil liegt nicht auf,THT Bauteil liegt nicht auf,0,0
2810,ELLIPSE,Meniskus,good,PseudoFehler,1,1
2811,ELLIPSE,Pin,THT Bauteil fehlt,THT Bauteil fehlt,0,0
2814,ELLIPSE,Meniskus,THT Bauteil fehlt,THT Bauteil fehlt,0,0
2815,ELLIPSE,Pin,THT Bauteil fehlt,THT Bauteil fehlt,0,0
2818,ELLIPSE,Meniskus,THT Bauteil fehlt,THT Bauteil fehlt,0,0
2822,ELLIPSE,Meniskus,good,PseudoFehler,1,1
2828,ELLIPSE,Pin,THT Bauteil fehlt,THT Bauteil fehlt,0,0
2831,ELLIPSE,Meniskus,good,PseudoFehler,1,1
2832,ELLIPSE,Meniskus,THT Bauteil fehlt,THT Bauteil fehlt,0,0
2833,ELLIPSE,Pin,THT Bauteil fehlt,THT Bauteil fehlt,0,0
2834,ELLIPSE,Pin,THT Bauteil fehlt,THT Bauteil fehlt,0,0
2835,ELLIPSE,Meniskus,THT Bauteil fehlt,THT Bauteil fehlt,0,0
2836,ELLIPSE,Pin,THT Bauteil fehlt,THT Bauteil fehlt,0,0
2837,ELLIPSE,Meniskus,THT Bauteil fehlt,THT Bauteil fehlt,0,0
2838,ELLIPSE,Meniskus,THT Bauteil fehlt,THT Bauteil fehlt,0,0
2839,ELLIPSE,Meniskus,THT Bauteil fehlt,THT Bauteil fehlt,0,0
2840,ELLIPSE,Pin,THT Bauteil fehlt,THT Bauteil fehlt,0,0
2841,ELLIPSE,Pin,THT Bauteil fehlt,THT Bauteil fehlt,0,0
2842,ELLIPSE,Pin,THT Bauteil fehlt,THT Bauteil fehlt,0,0
2843,ELLIPSE,Pin,THT Bauteil fehlt,THT Bauteil fehlt,0,0
2844,ELLIPSE,Pin,THT Bauteil fehlt,THT Bauteil fehlt,0,0
2845,ELLIPSE,Pin,THT Bauteil fehlt,THT Bauteil fehlt,0,0
2846,ELLIPSE,Pin,THT Bauteil fehlt,THT Bauteil fehlt,0,0
2847,ELLIPSE,Pin,THT Bauteil fehlt,THT Bauteil fehlt,0,0
2848,ELLIPSE,Meniskus,THT Bauteil fehlt,THT Bauteil fehlt,0,0
2849,ELLIPSE,Meniskus,THT Bauteil fehlt,THT Bauteil fehlt,0,0
2850,ELLIPSE,Lötung,good,PseudoFehler,1,1
2859,ELLIPSE,Meniskus,good,PseudoFehler,1,1
2862,ELLIPSE,Pin,THT Bauteil fehlt,THT Bauteil fehlt,0,0
2863,ELLIPSE,Pin,THT Bauteil fehlt,THT Bauteil fehlt,0,0
2864,ELLIPSE,Meniskus,THT Bauteil fehlt,THT Bauteil fehlt,0,0
2865,ELLIPSE,Pin,THT Bauteil fehlt,THT Bauteil fehlt,0,0
2866,ELLIPSE,Pin,THT Bauteil fehlt,THT Bauteil fehlt,0,0
2867,ELLIPSE,Pin,THT Bauteil fehlt,THT Bauteil fehlt,0,0
2871,ELLIPSE,Pin,THT Bauteil fehlt,THT Bauteil fehlt,0,0
2872,ELLIPSE,Pin,THT Bauteil fehlt,THT Bauteil fehlt,0,0
2873,ELLIPSE,Pin,THT Bauteil fehlt,THT Bauteil fehlt,0,0
2880,ELLIPSE,Lötung,good,PseudoFehler,1,1
2882,ELLIPSE,Pin,good,PseudoFehler,1,1
2893,ELLIPSE,Lötung,good,PseudoFehler,1,1
2897,ELLIPSE,Lötung,good,PseudoFehler,1,1
2900,ELLIPSE,Lötung,good,PseudoFehler,1,1
2908,ELLIPSE,Lötung,good,PseudoFehler,1,1
2917,ELLIPSE,Pin,good,PseudoFehler,1,1
2918,ELLIPSE,Pin,good,PseudoFehler,1,1
2919,ELLIPSE,Pin,good,PseudoFehler,1,1
2925,ELLIPSE,Pin,good,PseudoFehler,1,1
2931,ELLIPSE,Pin,good,PseudoFehler,1,1
2933,ELLIPSE,Pin,good,PseudoFehler,1,1
2934,ELLIPSE,Pin,good,PseudoFehler,1,1
2942,ELLIPSE,Pin,good,PseudoFehler,1,1
2945,ELLIPSE,Pin,good,PseudoFehler,1,1
2955,ELLIPSE,Pin,good,PseudoFehler,1,1
2958,ELLIPSE,Pin,THT Loetstelle offen,THT Loetstelle offen,0,0
2959,ELLIPSE,Meniskus,THT Loetstelle offen,THT Loetstelle offen,0,0
2963,ELLIPSE,Pin,good,PseudoFehler,1,1
2965,ELLIPSE,Meniskus,THT Loetstelle offen,THT Loetstelle offen,0,0
2966,ELLIPSE,Lötung,good,PseudoFehler,1,1
2967,ELLIPSE,Lötung,good,PseudoFehler,1,1
2968,ELLIPSE,Lötung,good,PseudoFehler,1,1
2969,ELLIPSE,Lötung,good,PseudoFehler,1,1
2970,ELLIPSE,Lötung,good,PseudoFehler,1,1
2971,ELLIPSE,Meniskus,good,PseudoFehler,1,1
2972,ELLIPSE,Meniskus,good,PseudoFehler,1,1
2973,ELLIPSE,Meniskus,good,PseudoFehler,1,1
2974,ELLIPSE,Lötung,good,PseudoFehler,1,1
2975,ELLIPSE,Meniskus,good,PseudoFehler,1,1
2976,ELLIPSE,Pin,good,PseudoFehler,1,1
2977,ELLIPSE,Lötung,good,PseudoFehler,1,1
2978,ELLIPSE,Meniskus,good,PseudoFehler,1,1
2979,ELLIPSE,Pin,good,PseudoFehler,1,1
2980,ELLIPSE,Meniskus,good,PseudoFehler,1,1
2981,ELLIPSE,Meniskus,good,PseudoFehler,1,1
2982,ELLIPSE,Meniskus,good,PseudoFehler,1,1
2983,ELLIPSE,Lötung,good,PseudoFehler,1,1
2984,ELLIPSE,Meniskus,good,PseudoFehler,1,1
2985,ELLIPSE,Meniskus,good,PseudoFehler,1,1
2986,ELLIPSE,Lötung,good,PseudoFehler,1,1
2987,ELLIPSE,Lötung,good,PseudoFehler,1,1
2988,ELLIPSE,Lötung,good,PseudoFehler,1,1
2992,ELLIPSE,Pin,good,PseudoFehler,1,1
2993,ELLIPSE,Meniskus,good,PseudoFehler,1,1
2997,ELLIPSE,Meniskus,good,PseudoFehler,1,1
2998,ELLIPSE,Pin,good,PseudoFehler,1,1
3008,ELLIPSE,Meniskus,good,PseudoFehler,1,1
3010,ELLIPSE,Pin,good,PseudoFehler,1,1
3011,ELLIPSE,Meniskus,good,PseudoFehler,1,1
3012,ELLIPSE,Pin,good,PseudoFehler,1,1
3013,ELLIPSE,Pin,THT Bauteil liegt nicht auf,THT Bauteil liegt nicht auf,0,0
3016,ELLIPSE,Pin,THT Bauteil liegt nicht auf,THT Bauteil liegt nicht auf,0,0
3017,ELLIPSE,Lötung,THT Bauteil liegt nicht auf,THT Bauteil liegt nicht auf,0,0
3018,ELLIPSE,Meniskus,good,PseudoFehler,1,1
3019,ELLIPSE,Lötung,THT Bauteil liegt nicht auf,THT Bauteil liegt nicht auf,0,0
3021,ELLIPSE,Pin,good,PseudoFehler,1,1
3022,ELLIPSE,Pin,good,PseudoFehler,1,1
3023,ELLIPSE,Lötung,good,PseudoFehler,1,1
3024,ELLIPSE,Meniskus,good,PseudoFehler,1,1
3026,ELLIPSE,Meniskus,THT Bauteil liegt nicht auf,THT Bauteil liegt nicht auf,0,0
3032,ELLIPSE,Lötung,THT Bauteil liegt nicht auf,THT Bauteil liegt nicht auf,0,0
3033,ELLIPSE,Lötung,THT Bauteil liegt nicht auf,THT Bauteil liegt nicht auf,0,0
3035,ELLIPSE,Meniskus,good,PseudoFehler,1,1
3040,ELLIPSE,Meniskus,good,PseudoFehler,1,1
3050,ELLIPSE,Meniskus,good,PseudoFehler,1,1
3054,ELLIPSE,Pin,good,PseudoFehler,1,1
3055,ELLIPSE,Pin,good,PseudoFehler,1,1
3064,ELLIPSE,Pin,good,PseudoFehler,1,1
3065,ELLIPSE,Meniskus,good,PseudoFehler,1,1
3067,ELLIPSE,Pin,good,PseudoFehler,1,1
3068,ELLIPSE,Pin,good,PseudoFehler,1,1
3071,ELLIPSE,Pin,good,PseudoFehler,1,1
3072,ELLIPSE,Pin,good,PseudoFehler,1,1
3073,ELLIPSE,Meniskus,good,PseudoFehler,1,1
3074,ELLIPSE,Pin,good,PseudoFehler,1,1
3075,ELLIPSE,Pin,good,PseudoFehler,1,1
3076,ELLIPSE,Meniskus,good,PseudoFehler,1,1
3077,ELLIPSE,Pin,good,PseudoFehler,1,1
3078,ELLIPSE,Lötung,good,PseudoFehler,1,1
3079,ELLIPSE,Lötung,good,PseudoFehler,1,1
3086,ELLIPSE,Meniskus,good,PseudoFehler,1,1
3093,ELLIPSE,Pin,good,PseudoFehler,1,1
3099,ELLIPSE,Pin,good,PseudoFehler,1,1
3105,ELLIPSE,Pin,good,PseudoFehler,1,1
3106,ELLIPSE,Pin,good,PseudoFehler,1,1
3117,ELLIPSE,Pin,good,PseudoFehler,1,1
3123,ELLIPSE,Pin,good,PseudoFehler,1,1
3129,ELLIPSE,Pin,good,PseudoFehler,1,1
3132,ELLIPSE,Pin,good,PseudoFehler,1,1
3141,ELLIPSE,Pin,good,PseudoFehler,1,1
3146,ELLIPSE,Pin,good,PseudoFehler,1,1
3148,ELLIPSE,Pin,good,PseudoFehler,1,1
3155,ELLIPSE,Pin,good,PseudoFehler,1,1
3162,ELLIPSE,Pin,good,PseudoFehler,1,1
3164,ELLIPSE,Pin,good,PseudoFehler,1,1
3168,ELLIPSE,Pin,good,PseudoFehler,1,1
3176,ELLIPSE,Pin,THT Bauteil liegt nicht auf,THT Bauteil liegt nicht auf,0,0
3184,ELLIPSE,Pin,good,PseudoFehler,1,1
3189,ELLIPSE,Meniskus,good,PseudoFehler,1,1
3192,ELLIPSE,Pin,good,PseudoFehler,1,1
3193,ELLIPSE,Pin,good,PseudoFehler,1,1
3198,ELLIPSE,Pin,good,PseudoFehler,1,1
3208,ELLIPSE,Meniskus,THT Bauteil liegt nicht auf,THT Bauteil liegt nicht auf,0,0
3213,ELLIPSE,Meniskus,good,PseudoFehler,1,1
3218,ELLIPSE,Meniskus,good,PseudoFehler,1,1
3227,ELLIPSE,Meniskus,good,PseudoFehler,1,1
3230,ELLIPSE,Pin,good,PseudoFehler,1,1
3235,ELLIPSE,Pin,good,PseudoFehler,1,1
3245,ELLIPSE,no solder,good,PseudoFehler,1,1
3250,ELLIPSE,Meniskus,good,PseudoFehler,1,1
3252,ELLIPSE,Meniskus,good,PseudoFehler,1,1
3256,ELLIPSE,Pin,good,PseudoFehler,1,1
3260,ELLIPSE,Pin,good,PseudoFehler,1,1
3268,ELLIPSE,Pin,good,PseudoFehler,1,1
3273,ELLIPSE,Pin,good,PseudoFehler,1,1
3277,ELLIPSE,Pin,good,PseudoFehler,1,1
3283,ELLIPSE,Pin,good,PseudoFehler,1,1
3289,ELLIPSE,Pin,good,PseudoFehler,1,1
3299,ELLIPSE,Pin,good,PseudoFehler,1,1
3303,ELLIPSE,Pin,good,PseudoFehler,1,1
3307,ELLIPSE,Pin,good,PseudoFehler,1,1
3318,ELLIPSE,Pin,good,PseudoFehler,1,1
3320,ELLIPSE,Pin,good,PseudoFehler,1,1
3330,ELLIPSE,Pin,good,PseudoFehler,1,1
3336,ELLIPSE,Pin,good,PseudoFehler,1,1
3341,ELLIPSE,Pin,good,PseudoFehler,1,1
3347,ELLIPSE,Pin,good,PseudoFehler,1,1
3350,ELLIPSE,Pin,good,PseudoFehler,1,1
3360,ELLIPSE,Pin,good,PseudoFehler,1,1
3366,ELLIPSE,Pin,good,PseudoFehler,1,1
3367,ELLIPSE,Pin,good,PseudoFehler,1,1
3375,ELLIPSE,Pin,good,PseudoFehler,1,1
3381,ELLIPSE,Pin,good,PseudoFehler,1,1
3384,ELLIPSE,Pin,good,PseudoFehler,1,1
3391,ELLIPSE,Pin,good,PseudoFehler,1,1
3392,ELLIPSE,Pin,good,PseudoFehler,1,1
3402,ELLIPSE,Pin,good,PseudoFehler,1,1
3403,ELLIPSE,Pin,good,PseudoFehler,1,1
3406,ELLIPSE,Pin,good,PseudoFehler,1,1
3414,ELLIPSE,Pin,good,PseudoFehler,1,1
3420,ELLIPSE,Pin,good,PseudoFehler,1,1
3424,ELLIPSE,Pin,good,PseudoFehler,1,1
3432,ELLIPSE,Pin,good,PseudoFehler,1,1
3435,ELLIPSE,Pin,good,PseudoFehler,1,1
3442,ELLIPSE,Pin,good,PseudoFehler,1,1
3451,ELLIPSE,Pin,good,PseudoFehler,1,1
3458,ELLIPSE,Pin,good,PseudoFehler,1,1
3460,ELLIPSE,Pin,good,PseudoFehler,1,1
3465,ELLIPSE,Pin,good,PseudoFehler,1,1
3471,ELLIPSE,Pin,good,PseudoFehler,1,1
3480,ELLIPSE,Pin,good,PseudoFehler,1,1
3484,ELLIPSE,Pin,good,PseudoFehler,1,1
3493,ELLIPSE,Pin,good,PseudoFehler,1,1
3496,ELLIPSE,Pin,good,PseudoFehler,1,1
3501,ELLIPSE,Pin,good,PseudoFehler,1,1
3507,ELLIPSE,Pin,good,PseudoFehler,1,1
3513,ELLIPSE,Pin,good,PseudoFehler,1,1
3519,ELLIPSE,Pin,good,PseudoFehler,1,1
3530,ELLIPSE,Pin,good,PseudoFehler,1,1
3535,ELLIPSE,Pin,good,PseudoFehler,1,1
3539,ELLIPSE,Lötung,THT Bauteil liegt nicht auf,THT Bauteil liegt nicht auf,0,0
3540,ELLIPSE,Lötung,THT Bauteil liegt nicht auf,THT Bauteil liegt nicht auf,0,0
3541,ELLIPSE,Lötung,THT Bauteil liegt nicht auf,THT Bauteil liegt nicht auf,0,0
3542,ELLIPSE,Pin,THT Bauteil liegt nicht auf,THT Bauteil liegt nicht auf,0,0
3543,ELLIPSE,Meniskus,THT Bauteil liegt nicht auf,THT Bauteil liegt nicht auf,0,0
3544,ELLIPSE,Pin,THT Bauteil liegt nicht auf,THT Bauteil liegt nicht auf,0,0
3545,ELLIPSE,Meniskus,THT Bauteil liegt nicht auf,THT Bauteil liegt nicht auf,0,0
3546,ELLIPSE,Meniskus,THT Bauteil liegt nicht auf,THT Bauteil liegt nicht auf,0,0
3549,ELLIPSE,Pin,THT Bauteil liegt nicht auf,THT Bauteil liegt nicht auf,0,0
3554,ELLIPSE,Meniskus,good,PseudoFehler,1,1
3556,ELLIPSE,Meniskus,good,PseudoFehler,1,1
3559,ELLIPSE,Meniskus,good,PseudoFehler,1,1
3564,ELLIPSE,Meniskus,good,PseudoFehler,1,1
3568,ELLIPSE,Pin,good,PseudoFehler,1,1
3569,ELLIPSE,Meniskus,good,PseudoFehler,1,1
3575,ELLIPSE,Meniskus,good,PseudoFehler,1,1
3580,ELLIPSE,Meniskus,good,PseudoFehler,1,1
3582,ELLIPSE,Meniskus,good,PseudoFehler,1,1
3586,ELLIPSE,Meniskus,good,PseudoFehler,1,1
3588,ELLIPSE,Meniskus,good,PseudoFehler,1,1
3591,ELLIPSE,Meniskus,good,PseudoFehler,1,1
3594,ELLIPSE,Meniskus,good,PseudoFehler,1,1
3597,ELLIPSE,Meniskus,good,PseudoFehler,1,1
3605,ELLIPSE,Meniskus,good,PseudoFehler,1,1
3606,ELLIPSE,Pin,THT Bauteil liegt nicht auf,THT Bauteil liegt nicht auf,0,0
3607,ELLIPSE,Pin,THT Bauteil liegt nicht auf,THT Bauteil liegt nicht auf,0,0
3608,ELLIPSE,Pin,THT Bauteil liegt nicht auf,THT Bauteil liegt nicht auf,0,0
3609,ELLIPSE,Pin,THT Bauteil liegt nicht auf,THT Bauteil liegt nicht auf,0,0
3610,ELLIPSE,Meniskus,THT Bauteil liegt nicht auf,THT Bauteil liegt nicht auf,0,0
3611,ELLIPSE,Pin,THT Bauteil liegt nicht auf,THT Bauteil liegt nicht auf,0,0
3612,ELLIPSE,Meniskus,THT Bauteil liegt nicht auf,THT Bauteil liegt nicht auf,0,0
3615,ELLIPSE,Pin,THT Bauteil liegt nicht auf,THT Bauteil liegt nicht auf,0,0
3616,ELLIPSE,Pin,THT Bauteil liegt nicht auf,THT Bauteil liegt nicht auf,0,0
3617,ELLIPSE,Pin,THT Bauteil liegt nicht auf,THT Bauteil liegt nicht auf,0,0
3622,ELLIPSE,Meniskus,good,PseudoFehler,1,1
3624,ELLIPSE,Meniskus,good,PseudoFehler,1,1
3625,ELLIPSE,Meniskus,good,PseudoFehler,1,1
3629,ELLIPSE,Meniskus,good,PseudoFehler,1,1
3630,ELLIPSE,Lötung,THT Loetstelle offen,THT Loetstelle offen,0,0
3631,ELLIPSE,Meniskus,THT Loetstelle offen,THT Loetstelle offen,0,0
3632,ELLIPSE,Pin,THT Loetstelle offen,THT Loetstelle offen,0,0
3633,ELLIPSE,Lötung,THT Loetstelle offen,THT Loetstelle offen,0,0
3634,ELLIPSE,Lötung,THT Loetstelle offen,THT Loetstelle offen,0,0
3635,ELLIPSE,Lötung,THT Loetstelle offen,THT Loetstelle offen,0,0
3636,ELLIPSE,Lötung,THT Loetstelle offen,THT Loetstelle offen,0,0
3637,ELLIPSE,Lötung,THT Loetstelle offen,THT Loetstelle offen,0,0
3638,ELLIPSE,Lötung,THT Loetstelle offen,THT Loetstelle offen,0,0
3640,ELLIPSE,Lötung,THT Loetstelle offen,THT Loetstelle offen,0,0
3641,ELLIPSE,Pin,THT Loetstelle offen,THT Loetstelle offen,0,0
3642,ELLIPSE,Lötung,THT Loetstelle offen,THT Loetstelle offen,0,0
3643,ELLIPSE,Lötung,THT Loetstelle offen,THT Loetstelle offen,0,0
3644,ELLIPSE,Meniskus,THT Loetstelle offen,THT Loetstelle offen,0,0
3645,ELLIPSE,Pin,THT Loetstelle offen,THT Loetstelle offen,0,0
3646,ELLIPSE,Pin,THT Loetstelle offen,THT Loetstelle offen,0,0
3647,ELLIPSE,Meniskus,THT Loetstelle offen,THT Loetstelle offen,0,0
3648,ELLIPSE,Pin,THT Loetstelle offen,THT Loetstelle offen,0,0
3649,ELLIPSE,Meniskus,THT Loetstelle offen,THT Loetstelle offen,0,0
3650,ELLIPSE,Meniskus,THT Loetstelle offen,THT Loetstelle offen,0,0
3651,ELLIPSE,Meniskus,THT Loetstelle offen,THT Loetstelle offen,0,0
3652,ELLIPSE,Pin,THT Loetstelle offen,THT Loetstelle offen,0,0
3653,ELLIPSE,Meniskus,THT Loetstelle offen,THT Loetstelle offen,0,0
3654,ELLIPSE,Meniskus,THT Loetstelle offen,THT Loetstelle offen,0,0
3655,ELLIPSE,Pin,THT Loetstelle offen,THT Loetstelle offen,0,0
3656,ELLIPSE,Lötung,THT Loetstelle offen,THT Loetstelle offen,0,0
3657,ELLIPSE,Pin,THT Loetstelle offen,THT Loetstelle offen,0,0
3658,ELLIPSE,Meniskus,THT Loetstelle offen,THT Loetstelle offen,0,0
3659,ELLIPSE,Pin,THT Loetstelle offen,THT Loetstelle offen,0,0
3660,ELLIPSE,Meniskus,THT Loetstelle offen,THT Loetstelle offen,0,0
3661,ELLIPSE,Pin,THT Loetstelle offen,THT Loetstelle offen,0,0
3662,ELLIPSE,Meniskus,THT Loetstelle offen,THT Loetstelle offen,0,0
3663,ELLIPSE,Pin,THT Loetstelle offen,THT Loetstelle offen,0,0
3664,ELLIPSE,Pin,THT Loetstelle offen,THT Loetstelle offen,0,0
3665,ELLIPSE,Meniskus,THT Loetstelle offen,THT Loetstelle offen,0,0
3666,ELLIPSE,Meniskus,good,PseudoFehler,1,1
3670,ELLIPSE,Meniskus,good,PseudoFehler,1,1
3672,ELLIPSE,Meniskus,good,PseudoFehler,1,1
3677,ELLIPSE,Meniskus,good,PseudoFehler,1,1
3680,ELLIPSE,Pin,THT Bauteil fehlt,THT Bauteil fehlt,0,0
3685,ELLIPSE,Pin,THT Bauteil fehlt,THT Bauteil fehlt,0,0
3686,ELLIPSE,Pin,THT Bauteil fehlt,THT Bauteil fehlt,0,0
3687,ELLIPSE,Pin,THT Bauteil fehlt,THT Bauteil fehlt,0,0
3688,ELLIPSE,Meniskus,THT Bauteil fehlt,THT Bauteil fehlt,0,0
3689,ELLIPSE,Pin,THT Bauteil fehlt,THT Bauteil fehlt,0,0
3690,ELLIPSE,Pin,THT Bauteil fehlt,THT Bauteil fehlt,0,0
3691,ELLIPSE,Pin,THT Bauteil fehlt,THT Bauteil fehlt,0,0
3692,ELLIPSE,Pin,THT Bauteil fehlt,THT Bauteil fehlt,0,0
3693,ELLIPSE,Pin,THT Bauteil fehlt,THT Bauteil fehlt,0,0
3694,ELLIPSE,Meniskus,THT Bauteil fehlt,THT Bauteil fehlt,0,0
3695,ELLIPSE,Pin,THT Bauteil fehlt,THT Bauteil fehlt,0,0
3696,ELLIPSE,Pin,THT Bauteil fehlt,THT Bauteil fehlt,0,0
3699,ELLIPSE,Meniskus,good,PseudoFehler,1,1
3700,ELLIPSE,Meniskus,good,PseudoFehler,1,1
3703,ELLIPSE,Meniskus,good,PseudoFehler,1,1
3707,ELLIPSE,Meniskus,good,PseudoFehler,1,1
3710,ELLIPSE,Meniskus,good,PseudoFehler,1,1
3716,ELLIPSE,Meniskus,good,PseudoFehler,1,1
3718,ELLIPSE,Meniskus,good,PseudoFehler,1,1
3725,ELLIPSE,Meniskus,good,PseudoFehler,1,1
3726,ELLIPSE,Meniskus,good,PseudoFehler,1,1
3729,ELLIPSE,Meniskus,good,PseudoFehler,1,1
3733,ELLIPSE,Meniskus,good,PseudoFehler,1,1
3737,ELLIPSE,Meniskus,good,PseudoFehler,1,1
3738,ELLIPSE,Meniskus,good,PseudoFehler,1,1
3740,ELLIPSE,Pin,THT Bauteil liegt nicht auf,THT Bauteil liegt nicht auf,0,0
3741,ELLIPSE,Pin,THT Bauteil liegt nicht auf,THT Bauteil liegt nicht auf,0,0
3742,ELLIPSE,Pin,THT Bauteil liegt nicht auf,THT Bauteil liegt nicht auf,0,0
3743,ELLIPSE,Pin,THT Bauteil liegt nicht auf,THT Bauteil liegt nicht auf,0,0
3744,ELLIPSE,Pin,THT Bauteil liegt nicht auf,THT Bauteil liegt nicht auf,0,0
3749,ELLIPSE,Pin,THT Bauteil liegt nicht auf,THT Bauteil liegt nicht auf,0,0
3752,ELLIPSE,Meniskus,good,PseudoFehler,1,1
3753,ELLIPSE,Meniskus,good,PseudoFehler,1,1
3758,ELLIPSE,Meniskus,good,PseudoFehler,1,1
3762,ELLIPSE,Meniskus,good,PseudoFehler,1,1
3766,ELLIPSE,Meniskus,good,PseudoFehler,1,1
3769,ELLIPSE,Meniskus,good,PseudoFehler,1,1
3770,ELLIPSE,Pin,good,PseudoFehler,1,1
3772,ELLIPSE,Pin,good,PseudoFehler,1,1
3775,ELLIPSE,Pin,good,PseudoFehler,1,1
3779,ELLIPSE,Meniskus,good,PseudoFehler,1,1
3783,ELLIPSE,Pin,good,PseudoFehler,1,1
3789,ELLIPSE,Meniskus,good,PseudoFehler,1,1
3793,ELLIPSE,Meniskus,good,PseudoFehler,1,1
3795,ELLIPSE,Pin,THT Bauteil fehlt,THT Bauteil fehlt,0,0
3796,ELLIPSE,Meniskus,THT Bauteil fehlt,THT Bauteil fehlt,0,0
3797,ELLIPSE,Pin,THT Bauteil fehlt,THT Bauteil fehlt,0,0
3798,ELLIPSE,Lötung,THT Bauteil fehlt,THT Bauteil fehlt,0,0
3799,ELLIPSE,Meniskus,THT Bauteil fehlt,THT Bauteil fehlt,0,0
3803,ELLIPSE,Meniskus,THT Bauteil liegt nicht auf,THT Bauteil liegt nicht auf,0,0
3804,ELLIPSE,Meniskus,THT Bauteil liegt nicht auf,THT Bauteil liegt nicht auf,0,0
3805,ELLIPSE,Pin,THT Bauteil liegt nicht auf,THT Bauteil liegt nicht auf,0,0
3806,ELLIPSE,Pin,THT Bauteil liegt nicht auf,THT Bauteil liegt nicht auf,0,0
3807,ELLIPSE,Pin,THT Bauteil liegt nicht auf,THT Bauteil liegt nicht auf,0,0
3808,ELLIPSE,Pin,THT Bauteil liegt nicht auf,THT Bauteil liegt nicht auf,0,0
3809,ELLIPSE,Pin,THT Bauteil liegt nicht auf,THT Bauteil liegt nicht auf,0,0
3810,ELLIPSE,Pin,THT Bauteil liegt nicht auf,THT Bauteil liegt nicht auf,0,0
3811,ELLIPSE,Meniskus,THT Bauteil liegt nicht auf,THT Bauteil liegt nicht auf,0,0
3814,ELLIPSE,Pin,THT Bauteil liegt nicht auf,THT Bauteil liegt nicht auf,0,0
3815,ELLIPSE,Pin,THT Bauteil liegt nicht auf,THT Bauteil liegt nicht auf,0,0
3816,ELLIPSE,Meniskus,good,PseudoFehler,1,1
3822,ELLIPSE,Meniskus,good,PseudoFehler,1,1
3823,ELLIPSE,Meniskus,good,PseudoFehler,1,1
3826,ELLIPSE,Meniskus,good,PseudoFehler,1,1
3830,ELLIPSE,Meniskus,good,PseudoFehler,1,1
3833,ELLIPSE,Meniskus,good,PseudoFehler,1,1
3835,ELLIPSE,Meniskus,good,PseudoFehler,1,1
3839,ELLIPSE,Meniskus,good,PseudoFehler,1,1
3840,ELLIPSE,Meniskus,good,PseudoFehler,1,1
3846,ELLIPSE,Meniskus,good,PseudoFehler,1,1
3848,ELLIPSE,Meniskus,good,PseudoFehler,1,1
3854,ELLIPSE,Meniskus,good,PseudoFehler,1,1
3858,ELLIPSE,Meniskus,good,PseudoFehler,1,1
3863,ELLIPSE,Meniskus,good,PseudoFehler,1,1
3866,ELLIPSE,Meniskus,good,PseudoFehler,1,1
3872,ELLIPSE,Meniskus,good,PseudoFehler,1,1
3877,ELLIPSE,Meniskus,good,PseudoFehler,1,1
3878,ELLIPSE,Meniskus,good,PseudoFehler,1,1
3881,ELLIPSE,Meniskus,good,PseudoFehler,1,1
3883,ELLIPSE,Klemmträger verlötet,good,PseudoFehler,1,1
3893,ELLIPSE,Klemmträger verlötet,good,PseudoFehler,1,1
3894,ELLIPSE,Pin,good,PseudoFehler,1,1
3904,ELLIPSE,Pin,good,PseudoFehler,1,1
3906,ELLIPSE,Pin,good,PseudoFehler,1,1
3912,ELLIPSE,Pin,good,PseudoFehler,1,1
3923,ELLIPSE,Pin,good,PseudoFehler,1,1
3928,ELLIPSE,Pin,good,PseudoFehler,1,1
3930,ELLIPSE,Pin,good,PseudoFehler,1,1
3938,ELLIPSE,Pin,good,PseudoFehler,1,1
3947,ELLIPSE,Pin,good,PseudoFehler,1,1
3948,ELLIPSE,Pin,good,PseudoFehler,1,1
3955,ELLIPSE,Pin,good,PseudoFehler,1,1
3965,ELLIPSE,Pin,good,PseudoFehler,1,1
3967,ELLIPSE,Pin,good,PseudoFehler,1,1
3976,ELLIPSE,Pin,good,PseudoFehler,1,1
3978,ELLIPSE,Pin,good,PseudoFehler,1,1
3980,ELLIPSE,Pin,good,PseudoFehler,1,1
3989,ELLIPSE,Pin,good,PseudoFehler,1,1
3993,ELLIPSE,Pin,good,PseudoFehler,1,1
3997,ELLIPSE,Pin,THT Bauteil liegt nicht auf,THT Bauteil liegt nicht auf,0,0
4008,ELLIPSE,Klemmträger verlötet,THT Loetst.Form mangelhaft,THT Loetst.Form mangelhaft,0,0
4010,ELLIPSE,Klemmträger verlötet,good,PseudoFehler,1,1
4015,ELLIPSE,Klemmträger verlötet,good,PseudoFehler,1,1
4025,ELLIPSE,Pin,good,PseudoFehler,1,1
4027,ELLIPSE,Pin,good,PseudoFehler,1,1
4037,ELLIPSE,Pin,good,PseudoFehler,1,1
4040,ELLIPSE,Pin,good,PseudoFehler,1,1
4050,ELLIPSE,Pin,THT Bauteil liegt nicht auf,THT Bauteil liegt nicht auf,0,0
4051,ELLIPSE,Pin,THT Bauteil liegt nicht auf,THT Bauteil liegt nicht auf,0,0
4052,ELLIPSE,Pin,THT Bauteil liegt nicht auf,THT Bauteil liegt nicht auf,0,0
4054,ELLIPSE,Pin,THT Bauteil liegt nicht auf,THT Bauteil liegt nicht auf,0,0
4064,ELLIPSE,Meniskus,THT Bauteil liegt nicht auf,THT Bauteil liegt nicht auf,0,0
4065,ELLIPSE,Meniskus,THT Bauteil liegt nicht auf,THT Bauteil liegt nicht auf,0,0
4066,ELLIPSE,Meniskus,THT Bauteil liegt nicht auf,THT Bauteil liegt nicht auf,0,0
4075,ELLIPSE,Pin,THT Bauteil liegt nicht auf,THT Bauteil liegt nicht auf,0,0
4076,ELLIPSE,Meniskus,THT Bauteil liegt nicht auf,THT Bauteil liegt nicht auf,0,0
4079,ELLIPSE,Meniskus,THT Bauteil liegt nicht auf,THT Bauteil liegt nicht auf,0,0
4082,ELLIPSE,Meniskus,THT Bauteil liegt nicht auf,THT Bauteil liegt nicht auf,0,0
4083,ELLIPSE,Pin,THT Bauteil liegt nicht auf,THT Bauteil liegt nicht auf,0,0
4091,ELLIPSE,Meniskus,THT Bauteil liegt nicht auf,THT Bauteil liegt nicht auf,0,0
4093,ELLIPSE,Meniskus,THT Bauteil liegt nicht auf,THT Bauteil liegt nicht auf,0,0
4094,ELLIPSE,Meniskus,THT Bauteil liegt nicht auf,THT Bauteil liegt nicht auf,0,0
4095,ELLIPSE,Pin,THT Bauteil liegt nicht auf,THT Bauteil liegt nicht auf,0,0
4103,ELLIPSE,Meniskus,good,PseudoFehler,1,1
4105,ELLIPSE,Meniskus,good,PseudoFehler,1,1
4107,ELLIPSE,Meniskus,good,PseudoFehler,1,1
4110,ELLIPSE,Meniskus,good,PseudoFehler,1,1
4115,ELLIPSE,Meniskus,good,PseudoFehler,1,1
4116,ELLIPSE,Meniskus,good,PseudoFehler,1,1
4121,ELLIPSE,Meniskus,good,PseudoFehler,1,1
4126,ELLIPSE,Meniskus,good,PseudoFehler,1,1
4131,ELLIPSE,Meniskus,good,PseudoFehler,1,1
4132,ELLIPSE,Meniskus,good,PseudoFehler,1,1
4135,ELLIPSE,Pin,THT Loetst.Form mangelhaft,THT Loetst.Form mangelhaft,0,0
4136,ELLIPSE,Meniskus,THT Loetst.Form mangelhaft,THT Loetst.Form mangelhaft,0,0
4137,ELLIPSE,Pin,THT Loetst.Form mangelhaft,THT Loetst.Form mangelhaft,0,0
4141,ELLIPSE,Pin,good,PseudoFehler,1,1
4145,ELLIPSE,Pin,good,PseudoFehler,1,1
4149,ELLIPSE,Pin,THT Bauteil liegt nicht auf,THT Bauteil liegt nicht auf,0,0
4150,ELLIPSE,Pin,good,PseudoFehler,1,1
4156,ELLIPSE,Pin,good,PseudoFehler,1,1
4159,ELLIPSE,Pin,THT Bauteil liegt nicht auf,THT Bauteil liegt nicht auf,0,0
4160,ELLIPSE,Meniskus,THT Bauteil liegt nicht auf,THT Bauteil liegt nicht auf,0,0
4161,ELLIPSE,Pin,THT Bauteil liegt nicht auf,THT Bauteil liegt nicht auf,0,0
4163,ELLIPSE,Pin,good,PseudoFehler,1,1
4173,ELLIPSE,Pin,good,PseudoFehler,1,1
4177,ELLIPSE,Pin,good,PseudoFehler,1,1
4187,ELLIPSE,Pin,good,PseudoFehler,1,1
4214,ELLIPSE,Pin,good,PseudoFehler,1,1
4215,ELLIPSE,Meniskus,good,PseudoFehler,1,1
4223,ELLIPSE,Pin,good,PseudoFehler,1,1
4235,ELLIPSE,Pin,THT Bauteil liegt nicht auf,THT Bauteil liegt nicht auf,0,0
4236,ELLIPSE,Pin,THT Bauteil liegt nicht auf,THT Bauteil liegt nicht auf,0,0
4237,ELLIPSE,Pin,THT Bauteil liegt nicht auf,THT Bauteil liegt nicht auf,0,0
4238,ELLIPSE,Pin,THT Bauteil liegt nicht auf,THT Bauteil liegt nicht auf,0,0
4239,ELLIPSE,Pin,THT Bauteil liegt nicht auf,THT Bauteil liegt nicht auf,0,0
4240,ELLIPSE,Pin,THT Bauteil liegt nicht auf,THT Bauteil liegt nicht auf,0,0
4241,ELLIPSE,Pin,THT Bauteil liegt nicht auf,THT Bauteil liegt nicht auf,0,0
4242,ELLIPSE,Pin,THT Bauteil liegt nicht auf,THT Bauteil liegt nicht auf,0,0
4243,ELLIPSE,Pin,THT Bauteil liegt nicht auf,THT Bauteil liegt nicht auf,0,0
4244,ELLIPSE,Pin,THT Bauteil liegt nicht auf,THT Bauteil liegt nicht auf,0,0
4245,ELLIPSE,Pin,THT Bauteil liegt nicht auf,THT Bauteil liegt nicht auf,0,0
4246,ELLIPSE,Pin,THT Bauteil liegt nicht auf,THT Bauteil liegt nicht auf,0,0
4247,ELLIPSE,Pin,THT Bauteil liegt nicht auf,THT Bauteil liegt nicht auf,0,0
4248,ELLIPSE,Pin,THT Bauteil liegt nicht auf,THT Bauteil liegt nicht auf,0,0
4249,ELLIPSE,Pin,THT Bauteil liegt nicht auf,THT Bauteil liegt nicht auf,0,0
4250,ELLIPSE,Pin,THT Bauteil liegt nicht auf,THT Bauteil liegt nicht auf,0,0
4251,ELLIPSE,Pin,THT Bauteil liegt nicht auf,THT Bauteil liegt nicht auf,0,0
4252,ELLIPSE,Pin,THT Bauteil liegt nicht auf,THT Bauteil liegt nicht auf,0,0
4253,ELLIPSE,Pin,THT Bauteil liegt nicht auf,THT Bauteil liegt nicht auf,0,0
4254,ELLIPSE,Pin,THT Bauteil liegt nicht auf,THT Bauteil liegt nicht auf,0,0
4259,ELLIPSE,Pin,good,PseudoFehler,1,1
4260,ELLIPSE,Meniskus,good,PseudoFehler,1,1
4261,ELLIPSE,Lötung,good,PseudoFehler,1,1
4262,ELLIPSE,Pin,good,PseudoFehler,1,1
4284,ELLIPSE,Pin,THT Bauteil liegt nicht auf,THT Bauteil liegt nicht auf,0,0
4297,ELLIPSE,Pin,good,PseudoFehler,1,1
4302,ELLIPSE,Pin,good,PseudoFehler,1,1
4307,ELLIPSE,Pin,good,PseudoFehler,1,1
4308,ELLIPSE,Pin,good,PseudoFehler,1,1
4313,ELLIPSE,Pin,good,PseudoFehler,1,1
4318,ELLIPSE,Pin,good,PseudoFehler,1,1
4322,ELLIPSE,Pin,good,PseudoFehler,1,1
4334,ELLIPSE,Pin,good,PseudoFehler,1,1
4339,ELLIPSE,Pin,good,PseudoFehler,1,1
4347,ELLIPSE,Pin,good,PseudoFehler,1,1
4358,ELLIPSE,Pin,good,PseudoFehler,1,1
4359,ELLIPSE,Pin,good,PseudoFehler,1,1
4366,ELLIPSE,Pin,THT Bauteil liegt nicht auf,THT Bauteil liegt nicht auf,0,0
4367,ELLIPSE,Pin,THT Bauteil liegt nicht auf,THT Bauteil liegt nicht auf,0,0
4369,ELLIPSE,Pin,THT Bauteil fehlt,THT Bauteil fehlt,0,0
4370,ELLIPSE,Pin,THT Bauteil fehlt,THT Bauteil fehlt,0,0
4371,ELLIPSE,Meniskus,THT Bauteil fehlt,THT Bauteil fehlt,0,0
4373,ELLIPSE,Pin,THT Bauteil fehlt,THT Bauteil fehlt,0,0
4376,ELLIPSE,Pin,THT Bauteil fehlt,THT Bauteil fehlt,0,0
4377,ELLIPSE,Meniskus,THT Bauteil fehlt,THT Bauteil fehlt,0,0
4379,ELLIPSE,Pin,good,PseudoFehler,1,1
4380,ELLIPSE,Pin,THT Bauteil fehlt,THT Bauteil fehlt,0,0
4381,ELLIPSE,Pin,THT Bauteil fehlt,THT Bauteil fehlt,0,0
4384,ELLIPSE,Pin,THT Bauteil fehlt,THT Bauteil fehlt,0,0
4388,ELLIPSE,Pin,THT Bauteil liegt nicht auf,THT Bauteil liegt nicht auf,0,0
4389,ELLIPSE,Pin,THT Bauteil liegt nicht auf,THT Bauteil liegt nicht auf,0,0
4395,ELLIPSE,Pin,good,PseudoFehler,1,1
4405,ELLIPSE,Pin,good,PseudoFehler,1,1
4410,ELLIPSE,Pin,good,PseudoFehler,1,1
4413,ELLIPSE,Meniskus,good,PseudoFehler,1,1
4414,ELLIPSE,Meniskus,good,PseudoFehler,1,1
4418,ELLIPSE,Meniskus,good,PseudoFehler,1,1
4421,ELLIPSE,Meniskus,good,PseudoFehler,1,1
4426,ELLIPSE,Meniskus,good,PseudoFehler,1,1
4429,ELLIPSE,Meniskus,good,PseudoFehler,1,1
4433,ELLIPSE,Meniskus,good,PseudoFehler,1,1
4436,ELLIPSE,Meniskus,good,PseudoFehler,1,1
4439,ELLIPSE,Pin,good,PseudoFehler,1,1
4440,ELLIPSE,Meniskus,good,PseudoFehler,1,1
4445,ELLIPSE,Meniskus,good,PseudoFehler,1,1
4447,ELLIPSE,Meniskus,THT Bauteil liegt nicht auf,THT Bauteil liegt nicht auf,0,0
4453,ELLIPSE,Pin,THT Bauteil liegt nicht auf,THT Bauteil liegt nicht auf,0,0
4455,ELLIPSE,Pin,THT Bauteil liegt nicht auf,THT Bauteil liegt nicht auf,0,0
4460,ELLIPSE,Meniskus,THT Bauteil liegt nicht auf,THT Bauteil liegt nicht auf,0,0
4461,ELLIPSE,Meniskus,THT Bauteil liegt nicht auf,THT Bauteil liegt nicht auf,0,0
4462,ELLIPSE,Meniskus,THT Bauteil liegt nicht auf,THT Bauteil liegt nicht auf,0,0
4463,ELLIPSE,Pin,THT Bauteil liegt nicht auf,THT Bauteil liegt nicht auf,0,0
4464,ELLIPSE,Meniskus,THT Bauteil liegt nicht auf,THT Bauteil liegt nicht auf,0,0
4465,ELLIPSE,Pin,THT Bauteil liegt nicht auf,THT Bauteil liegt nicht auf,0,0
4466,ELLIPSE,Meniskus,THT Bauteil liegt nicht auf,THT Bauteil liegt nicht auf,0,0
4467,ELLIPSE,Pin,THT Bauteil liegt nicht auf,THT Bauteil liegt nicht auf,0,0
4468,ELLIPSE,Meniskus,THT Bauteil liegt nicht auf,THT Bauteil liegt nicht auf,0,0
4469,ELLIPSE,Pin,THT Bauteil liegt nicht auf,THT Bauteil liegt nicht auf,0,0
4470,ELLIPSE,Pin,THT Bauteil liegt nicht auf,THT Bauteil liegt nicht auf,0,0
4471,ELLIPSE,Pin,THT Bauteil liegt nicht auf,THT Bauteil liegt nicht auf,0,0
4472,ELLIPSE,Pin,THT Bauteil liegt nicht auf,THT Bauteil liegt nicht auf,0,0
4475,ELLIPSE,Meniskus,THT Bauteil liegt nicht auf,THT Bauteil liegt nicht auf,0,0
4478,ELLIPSE,Pin,THT Bauteil liegt nicht auf,THT Bauteil liegt nicht auf,0,0
4479,ELLIPSE,Pin,THT Bauteil liegt nicht auf,THT Bauteil liegt nicht auf,0,0
4480,ELLIPSE,Pin,THT Bauteil liegt nicht auf,THT Bauteil liegt nicht auf,0,0
4482,ELLIPSE,Pin,THT Bauteil liegt nicht auf,THT Bauteil liegt nicht auf,0,0
4483,ELLIPSE,Meniskus,THT Bauteil liegt nicht auf,THT Bauteil liegt nicht auf,0,0
4484,ELLIPSE,Meniskus,THT Bauteil liegt nicht auf,THT Bauteil liegt nicht auf,0,0
4485,ELLIPSE,Pin,THT Bauteil liegt nicht auf,THT Bauteil liegt nicht auf,0,0
4486,ELLIPSE,Meniskus,THT Bauteil liegt nicht auf,THT Bauteil liegt nicht auf,0,0
4487,ELLIPSE,Pin,THT Bauteil liegt nicht auf,THT Bauteil liegt nicht auf,0,0
4488,ELLIPSE,Meniskus,THT Bauteil liegt nicht auf,THT Bauteil liegt nicht auf,0,0
4489,ELLIPSE,Pin,THT Bauteil liegt nicht auf,THT Bauteil liegt nicht auf,0,0
4493,ELLIPSE,Pin,good,PseudoFehler,1,1
4494,ELLIPSE,Pin,good,PseudoFehler,1,1
4495,ELLIPSE,Pin,good,PseudoFehler,1,1
4496,ELLIPSE,Pin,good,PseudoFehler,1,1
4497,ELLIPSE,Pin,good,PseudoFehler,1,1
4498,ELLIPSE,Pin,good,PseudoFehler,1,1
4499,ELLIPSE,Pin,good,PseudoFehler,1,1
4501,ELLIPSE,Pin,good,PseudoFehler,1,1
4503,ELLIPSE,Pin,good,PseudoFehler,1,1
4506,ELLIPSE,Pin,good,PseudoFehler,1,1
4507,ELLIPSE,Pin,good,PseudoFehler,1,1
4508,ELLIPSE,Pin,good,PseudoFehler,1,1
4512,ELLIPSE,Meniskus,THT Loetstelle offen,THT Loetstelle offen,0,0
4513,ELLIPSE,Pin,THT Loetstelle offen,THT Loetstelle offen,0,0
4514,ELLIPSE,Meniskus,THT Loetstelle offen,THT Loetstelle offen,0,0
4515,ELLIPSE,Meniskus,THT Loetstelle offen,THT Loetstelle offen,0,0
4516,ELLIPSE,Lötung,THT Loetstelle offen,THT Loetstelle offen,0,0
4517,ELLIPSE,Lötung,THT Loetstelle offen,THT Loetstelle offen,0,0
4518,ELLIPSE,Lötung,THT Loetstelle offen,THT Loetstelle offen,0,0
4519,ELLIPSE,Meniskus,THT Loetstelle offen,THT Loetstelle offen,0,0
4520,ELLIPSE,Pin,THT Loetstelle offen,THT Loetstelle offen,0,0
4521,ELLIPSE,Lötung,THT Loetstelle offen,THT Loetstelle offen,0,0
4522,ELLIPSE,Lötung,THT Loetstelle offen,THT Loetstelle offen,0,0
4523,ELLIPSE,Meniskus,THT Loetstelle offen,THT Loetstelle offen,0,0
4524,ELLIPSE,Meniskus,THT Loetstelle offen,THT Loetstelle offen,0,0
4525,ELLIPSE,Meniskus,THT Loetstelle offen,THT Loetstelle offen,0,0
4526,ELLIPSE,Meniskus,THT Loetstelle offen,THT Loetstelle offen,0,0
4527,ELLIPSE,Pin,THT Loetstelle offen,THT Loetstelle offen,0,0
4528,ELLIPSE,Meniskus,THT Loetstelle offen,THT Loetstelle offen,0,0
4529,ELLIPSE,Pin,THT Loetstelle offen,THT Loetstelle offen,0,0
4530,ELLIPSE,Meniskus,THT Loetstelle offen,THT Loetstelle offen,0,0
4531,ELLIPSE,Lötung,THT Loetstelle offen,THT Loetstelle offen,0,0
4532,ELLIPSE,Meniskus,THT Loetstelle offen,THT Loetstelle offen,0,0
4533,ELLIPSE,Lötung,THT Loetstelle offen,THT Loetstelle offen,0,0
4534,ELLIPSE,Lötung,THT Loetstelle offen,THT Loetstelle offen,0,0
4535,ELLIPSE,Meniskus,THT Loetstelle offen,THT Loetstelle offen,0,0
4540,ELLIPSE,Lötung,THT Loetstelle offen,THT Loetstelle offen,0,0
4541,ELLIPSE,Lötung,THT Loetstelle offen,THT Loetstelle offen,0,0
4542,ELLIPSE,Lötung,THT Loetstelle offen,THT Loetstelle offen,0,0
4543,ELLIPSE,Lötung,THT Loetstelle offen,THT Loetstelle offen,0,0
4550,ELLIPSE,Lötung,THT Loetstelle offen,THT Loetstelle offen,0,0
4551,ELLIPSE,Lötung,THT Loetstelle offen,THT Loetstelle offen,0,0
4552,ELLIPSE,Lötung,THT Loetstelle offen,THT Loetstelle offen,0,0
4553,ELLIPSE,Lötung,THT Loetstelle offen,THT Loetstelle offen,0,0
4554,ELLIPSE,Lötung,THT Loetstelle offen,THT Loetstelle offen,0,0
4555,ELLIPSE,Lötung,THT Loetstelle offen,THT Loetstelle offen,0,0
4556,ELLIPSE,Meniskus,THT Loetstelle offen,THT Loetstelle offen,0,0
4557,ELLIPSE,Meniskus,THT Loetstelle offen,THT Loetstelle offen,0,0
4558,ELLIPSE,Lötung,THT Loetstelle offen,THT Loetstelle offen,0,0
4559,ELLIPSE,Meniskus,THT Loetstelle offen,THT Loetstelle offen,0,0
4560,ELLIPSE,Meniskus,THT Loetstelle offen,THT Loetstelle offen,0,0
4561,ELLIPSE,Pin,THT Loetstelle offen,THT Loetstelle offen,0,0
4562,ELLIPSE,Meniskus,THT Loetstelle offen,THT Loetstelle offen,0,0
4563,ELLIPSE,Meniskus,THT Loetstelle offen,THT Loetstelle offen,0,0
4564,ELLIPSE,Meniskus,THT Loetstelle offen,THT Loetstelle offen,0,0
4565,ELLIPSE,Lötung,THT Loetstelle offen,THT Loetstelle offen,0,0
4566,ELLIPSE,Lötung,THT Loetstelle offen,THT Loetstelle offen,0,0
4567,ELLIPSE,Lötung,THT Loetstelle offen,THT Loetstelle offen,0,0
4568,ELLIPSE,Lötung,THT Loetstelle offen,THT Loetstelle offen,0,0
4569,ELLIPSE,Meniskus,THT Loetstelle offen,THT Loetstelle offen,0,0
4570,ELLIPSE,Lötung,THT Loetstelle offen,THT Loetstelle offen,0,0
4571,ELLIPSE,Meniskus,THT Loetstelle offen,THT Loetstelle offen,0,0
4572,ELLIPSE,Meniskus,THT Loetstelle offen,THT Loetstelle offen,0,0
4573,ELLIPSE,Meniskus,THT Loetstelle offen,THT Loetstelle offen,0,0
4574,ELLIPSE,Meniskus,THT Loetstelle offen,THT Loetstelle offen,0,0
4575,ELLIPSE,Pin,THT Loetstelle offen,THT Loetstelle offen,0,0
4576,ELLIPSE,Meniskus,THT Loetstelle offen,THT Loetstelle offen,0,0
4577,ELLIPSE,Lötung,THT Loetstelle offen,THT Loetstelle offen,0,0
4578,ELLIPSE,Meniskus,good,PseudoFehler,1,1
4587,ELLIPSE,Pin,THT Bauteil fehlt,THT Bauteil fehlt,0,0
4588,ELLIPSE,Pin,THT Bauteil fehlt,THT Bauteil fehlt,0,0
4589,ELLIPSE,Meniskus,THT Bauteil fehlt,THT Bauteil fehlt,0,0
4590,ELLIPSE,Pin,THT Bauteil fehlt,THT Bauteil fehlt,0,0
4591,ELLIPSE,Meniskus,THT Bauteil fehlt,THT Bauteil fehlt,0,0
4592,ELLIPSE,Pin,THT Bauteil fehlt,THT Bauteil fehlt,0,0
4593,ELLIPSE,Pin,THT Bauteil fehlt,THT Bauteil fehlt,0,0
4595,ELLIPSE,Pin,THT Bauteil fehlt,THT Bauteil fehlt,0,0
4597,ELLIPSE,Pin,THT Bauteil fehlt,THT Bauteil fehlt,0,0
4601,ELLIPSE,Pin,THT Bauteil fehlt,THT Bauteil fehlt,0,0
4602,ELLIPSE,Pin,THT Bauteil fehlt,THT Bauteil fehlt,0,0
4603,ELLIPSE,Pin,THT Bauteil fehlt,THT Bauteil fehlt,0,0
4604,ELLIPSE,Meniskus,THT Bauteil fehlt,THT Bauteil fehlt,0,0
4605,ELLIPSE,Pin,THT Bauteil fehlt,THT Bauteil fehlt,0,0
4607,ELLIPSE,Pin,THT Bauteil fehlt,THT Bauteil fehlt,0,0
4608,ELLIPSE,Meniskus,THT Bauteil fehlt,THT Bauteil fehlt,0,0
4609,ELLIPSE,Pin,THT Bauteil fehlt,THT Bauteil fehlt,0,0
4610,ELLIPSE,Pin,THT Bauteil fehlt,THT Bauteil fehlt,0,0
4611,ELLIPSE,Pin,THT Bauteil fehlt,THT Bauteil fehlt,0,0
4613,ELLIPSE,Meniskus,THT Bauteil fehlt,THT Bauteil fehlt,0,0
4614,ELLIPSE,Meniskus,THT Bauteil fehlt,THT Bauteil fehlt,0,0
4615,ELLIPSE,Pin,THT Bauteil fehlt,THT Bauteil fehlt,0,0
4625,ELLIPSE,Meniskus,good,PseudoFehler,1,1
4627,ELLIPSE,Meniskus,THT Bauteil liegt nicht auf,THT Bauteil liegt nicht auf,0,0
4628,ELLIPSE,Meniskus,THT Bauteil liegt nicht auf,THT Bauteil liegt nicht auf,0,0
4629,ELLIPSE,Pin,THT Bauteil liegt nicht auf,THT Bauteil liegt nicht auf,0,0
4630,ELLIPSE,Meniskus,THT Bauteil liegt nicht auf,THT Bauteil liegt nicht auf,0,0
4631,ELLIPSE,Pin,THT Bauteil liegt nicht auf,THT Bauteil liegt nicht auf,0,0
4632,ELLIPSE,Meniskus,THT Bauteil liegt nicht auf,THT Bauteil liegt nicht auf,0,0
4633,ELLIPSE,Pin,THT Bauteil liegt nicht auf,THT Bauteil liegt nicht auf,0,0
4634,ELLIPSE,Meniskus,THT Bauteil liegt nicht auf,THT Bauteil liegt nicht auf,0,0
4635,ELLIPSE,Pin,THT Bauteil liegt nicht auf,THT Bauteil liegt nicht auf,0,0
4636,ELLIPSE,Pin,THT Bauteil liegt nicht auf,THT Bauteil liegt nicht auf,0,0
4637,ELLIPSE,Pin,THT Bauteil liegt nicht auf,THT Bauteil liegt nicht auf,0,0
4638,ELLIPSE,Pin,THT Bauteil liegt nicht auf,THT Bauteil liegt nicht auf,0,0
4639,ELLIPSE,Meniskus,THT Bauteil liegt nicht auf,THT Bauteil liegt nicht auf,0,0
4640,ELLIPSE,Pin,THT Bauteil liegt nicht auf,THT Bauteil liegt nicht auf,0,0
4646,ELLIPSE,Meniskus,THT Bauteil liegt nicht auf,THT Bauteil liegt nicht auf,0,0
4647,ELLIPSE,Pin,THT Bauteil liegt nicht auf,THT Bauteil liegt nicht auf,0,0
4648,ELLIPSE,Meniskus,THT Bauteil liegt nicht auf,THT Bauteil liegt nicht auf,0,0
4649,ELLIPSE,Pin,THT Bauteil liegt nicht auf,THT Bauteil liegt nicht auf,0,0
4650,ELLIPSE,Pin,THT Bauteil liegt nicht auf,THT Bauteil liegt nicht auf,0,0
4651,ELLIPSE,Pin,THT Bauteil liegt nicht auf,THT Bauteil liegt nicht auf,0,0
4654,ELLIPSE,Meniskus,good,PseudoFehler,1,1
4657,ELLIPSE,Meniskus,good,PseudoFehler,1,1
4660,ELLIPSE,Meniskus,good,PseudoFehler,1,1
4666,ELLIPSE,Meniskus,good,PseudoFehler,1,1
4669,ELLIPSE,Meniskus,good,PseudoFehler,1,1
4673,ELLIPSE,Meniskus,good,PseudoFehler,1,1
4678,ELLIPSE,Meniskus,good,PseudoFehler,1,1
4681,ELLIPSE,Pin,good,PseudoFehler,1,1
4686,ELLIPSE,Pin,good,PseudoFehler,1,1
4688,ELLIPSE,Meniskus,good,PseudoFehler,1,1
4695,ELLIPSE,Meniskus,good,PseudoFehler,1,1
4701,ELLIPSE,Pin,good,PseudoFehler,1,1
4703,ELLIPSE,Lötung,good,PseudoFehler,1,1
4708,ELLIPSE,Lötung,good,PseudoFehler,1,1
4709,ELLIPSE,Meniskus,good,PseudoFehler,1,1
4710,ELLIPSE,Lötung,good,PseudoFehler,1,1
4716,ELLIPSE,Meniskus,good,PseudoFehler,1,1
4719,ELLIPSE,Lötung,good,PseudoFehler,1,1
4726,ELLIPSE,Lötung,good,PseudoFehler,1,1
4733,ELLIPSE,Pin,good,PseudoFehler,1,1
4735,ELLIPSE,Lötung,THT Loetstelle offen,THT Loetstelle offen,0,0
4746,ELLIPSE,Meniskus,good,PseudoFehler,1,1
4751,ELLIPSE,Lötung,good,PseudoFehler,1,1
4754,ELLIPSE,Meniskus,good,PseudoFehler,1,1
4759,ELLIPSE,Pin,good,PseudoFehler,1,1
4766,ELLIPSE,Meniskus,good,PseudoFehler,1,1
4771,ELLIPSE,Lötung,THT Loetstelle offen,THT Loetstelle offen,0,0
4775,ELLIPSE,Meniskus,THT Loetstelle offen,THT Loetstelle offen,0,0
4778,ELLIPSE,Meniskus,good,PseudoFehler,1,1
4779,ELLIPSE,Meniskus,good,PseudoFehler,1,1
4780,ELLIPSE,Lötung,good,PseudoFehler,1,1
4786,ELLIPSE,Lötung,good,PseudoFehler,1,1
4787,ELLIPSE,Meniskus,good,PseudoFehler,1,1
4788,ELLIPSE,Meniskus,good,PseudoFehler,1,1
4789,ELLIPSE,Meniskus,good,PseudoFehler,1,1
4790,ELLIPSE,Meniskus,good,PseudoFehler,1,1
4791,ELLIPSE,Lötung,good,PseudoFehler,1,1
4792,ELLIPSE,Lötung,good,PseudoFehler,1,1
4794,ELLIPSE,Lötung,good,PseudoFehler,1,1
4799,ELLIPSE,Lötung,good,PseudoFehler,1,1
4800,ELLIPSE,Meniskus,good,PseudoFehler,1,1
4801,ELLIPSE,Meniskus,good,PseudoFehler,1,1
4803,ELLIPSE,Lötung,good,PseudoFehler,1,1
4804,ELLIPSE,Lötung,good,PseudoFehler,1,1
4805,ELLIPSE,Lötung,good,PseudoFehler,1,1
4806,ELLIPSE,Lötung,good,PseudoFehler,1,1
4810,ELLIPSE,Meniskus,good,PseudoFehler,1,1
4816,ELLIPSE,Lötung,THT Loetstelle offen,THT Loetstelle offen,0,0
4823,ELLIPSE,Meniskus,good,PseudoFehler,1,1
4824,ELLIPSE,Pin,good,PseudoFehler,1,1
4830,ELLIPSE,Lötung,THT Loetstelle offen,THT Loetstelle offen,0,0
4840,ELLIPSE,Lötung,THT Loetstelle offen,THT Loetstelle offen,0,0
4841,ELLIPSE,Meniskus,THT Loetstelle offen,THT Loetstelle offen,0,0
4846,ELLIPSE,Meniskus,good,PseudoFehler,1,1
4852,ELLIPSE,Meniskus,good,PseudoFehler,1,1
4857,ELLIPSE,Lötung,THT Loetstelle offen,THT Loetstelle offen,0,0
4862,ELLIPSE,Meniskus,good,PseudoFehler,1,1
4867,ELLIPSE,Pin,good,PseudoFehler,1,1
4874,ELLIPSE,Meniskus,THT Loetstelle offen,THT Loetstelle offen,0,0
4879,ELLIPSE,Lötung,THT Loetstelle offen,THT Loetstelle offen,0,0
4880,ELLIPSE,Pin,THT Bauteil fehlt,THT Bauteil fehlt,0,0
4890,ELLIPSE,Pin,good,PseudoFehler,1,1
4891,ELLIPSE,Meniskus,good,PseudoFehler,1,1
4893,ELLIPSE,Pin,good,PseudoFehler,1,1
4897,ELLIPSE,Meniskus,good,PseudoFehler,1,1
4904,ELLIPSE,Pin,good,PseudoFehler,1,1
4911,ELLIPSE,Pin,THT Bauteil liegt nicht auf,THT Bauteil liegt nicht auf,0,0
4912,ELLIPSE,Pin,THT Bauteil liegt nicht auf,THT Bauteil liegt nicht auf,0,0
4917,ELLIPSE,Pin,good,PseudoFehler,1,1
4923,ELLIPSE,Pin,good,PseudoFehler,1,1
4925,ELLIPSE,Meniskus,good,PseudoFehler,1,1
4929,ELLIPSE,Meniskus,good,PseudoFehler,1,1
4937,ELLIPSE,Meniskus,good,PseudoFehler,1,1
4938,ELLIPSE,Pin,good,PseudoFehler,1,1
4944,ELLIPSE,Pin,good,PseudoFehler,1,1
4951,ELLIPSE,Pin,THT Bauteil liegt nicht auf,THT Bauteil liegt nicht auf,0,0
4952,ELLIPSE,Pin,THT Bauteil liegt nicht auf,THT Bauteil liegt nicht auf,0,0
4953,ELLIPSE,Meniskus,THT Bauteil liegt nicht auf,THT Bauteil liegt nicht auf,0,0
4958,ELLIPSE,Pin,THT Bauteil liegt nicht auf,THT Bauteil liegt nicht auf,0,0
4963,ELLIPSE,Pin,good,PseudoFehler,1,1
4969,ELLIPSE,Pin,good,PseudoFehler,1,1
4971,ELLIPSE,Pin,THT Bauteil liegt nicht auf,THT Bauteil liegt nicht auf,0,0
4972,ELLIPSE,Pin,THT Bauteil liegt nicht auf,THT Bauteil liegt nicht auf,0,0
4978,ELLIPSE,Pin,THT Bauteil liegt nicht auf,THT Bauteil liegt nicht auf,0,0
4980,ELLIPSE,Pin,THT Bauteil liegt nicht auf,THT Bauteil liegt nicht auf,0,0
4981,ELLIPSE,Pin,THT Bauteil liegt nicht auf,THT Bauteil liegt nicht auf,0,0
4990,ELLIPSE,Pin,good,PseudoFehler,1,1
4996,ELLIPSE,Pin,good,PseudoFehler,1,1
4997,ELLIPSE,Meniskus,good,PseudoFehler,1,1
4998,ELLIPSE,Pin,good,PseudoFehler,1,1
5003,ELLIPSE,Pin,good,PseudoFehler,1,1
5011,ELLIPSE,Pin,good,PseudoFehler,1,1
5013,ELLIPSE,Pin,good,PseudoFehler,1,1
5018,ELLIPSE,Pin,good,PseudoFehler,1,1
5024,ELLIPSE,Pin,good,PseudoFehler,1,1
5030,ELLIPSE,Pin,good,PseudoFehler,1,1
5037,ELLIPSE,Pin,good,PseudoFehler,1,1
5047,ELLIPSE,Pin,good,PseudoFehler,1,1
5049,ELLIPSE,Pin,good,PseudoFehler,1,1
5056,ELLIPSE,Pin,good,PseudoFehler,1,1
5060,ELLIPSE,Pin,good,PseudoFehler,1,1
5068,ELLIPSE,Pin,good,PseudoFehler,1,1
5073,ELLIPSE,Pin,good,PseudoFehler,1,1
5081,ELLIPSE,Pin,good,PseudoFehler,1,1
5085,ELLIPSE,Pin,good,PseudoFehler,1,1
5092,ELLIPSE,Pin,good,PseudoFehler,1,1
5101,ELLIPSE,Pin,good,PseudoFehler,1,1
5107,ELLIPSE,Pin,good,PseudoFehler,1,1
5113,ELLIPSE,Pin,good,PseudoFehler,1,1
5114,ELLIPSE,Pin,good,PseudoFehler,1,1
5124,ELLIPSE,Pin,good,PseudoFehler,1,1
5126,ELLIPSE,Klemmträger verlötet,good,PseudoFehler,1,1
5133,ELLIPSE,Pin,good,PseudoFehler,1,1
5138,ELLIPSE,Klemmträger verlötet,good,PseudoFehler,1,1
5149,ELLIPSE,Klemmträger verlötet,good,PseudoFehler,1,1
5150,ELLIPSE,Pin,good,PseudoFehler,1,1
5160,ELLIPSE,Pin,good,PseudoFehler,1,1
5162,ELLIPSE,Pin,good,PseudoFehler,1,1
5163,ELLIPSE,Pin,good,PseudoFehler,1,1
5169,ELLIPSE,Pin,good,PseudoFehler,1,1
5175,ELLIPSE,Klemmträger verlötet,good,PseudoFehler,1,1
5181,ELLIPSE,Klemmträger verlötet,good,PseudoFehler,1,1
5192,ELLIPSE,Pin,good,PseudoFehler,1,1
5198,ELLIPSE,Pin,good,PseudoFehler,1,1
